/Users/Jason/CarND/CarND-Behavioral-Cloning-P3/data/correcting/IMG/center_2017_09_24_15_42_42_048.jpg,/Users/Jason/CarND/CarND-Behavioral-Cloning-P3/data/correcting/IMG/left_2017_09_24_15_42_42_048.jpg,/Users/Jason/CarND/CarND-Behavioral-Cloning-P3/data/correcting/IMG/right_2017_09_24_15_42_42_048.jpg,0,0,0,0.4192889
/Users/Jason/CarND/CarND-Behavioral-Cloning-P3/data/correcting/IMG/center_2017_09_24_15_42_42_117.jpg,/Users/Jason/CarND/CarND-Behavioral-Cloning-P3/data/correcting/IMG/left_2017_09_24_15_42_42_117.jpg,/Users/Jason/CarND/CarND-Behavioral-Cloning-P3/data/correcting/IMG/right_2017_09_24_15_42_42_117.jpg,0,0,0,0.416442
/Users/Jason/CarND/CarND-Behavioral-Cloning-P3/data/correcting/IMG/center_2017_09_24_15_42_42_187.jpg,/Users/Jason/CarND/CarND-Behavioral-Cloning-P3/data/correcting/IMG/left_2017_09_24_15_42_42_187.jpg,/Users/Jason/CarND/CarND-Behavioral-Cloning-P3/data/correcting/IMG/right_2017_09_24_15_42_42_187.jpg,0,0,0,0.4126728
/Users/Jason/CarND/CarND-Behavioral-Cloning-P3/data/correcting/IMG/center_2017_09_24_15_42_42_255.jpg,/Users/Jason/CarND/CarND-Behavioral-Cloning-P3/data/correcting/IMG/left_2017_09_24_15_42_42_255.jpg,/Users/Jason/CarND/CarND-Behavioral-Cloning-P3/data/correcting/IMG/right_2017_09_24_15_42_42_255.jpg,0,0,0,0.4098658
/Users/Jason/CarND/CarND-Behavioral-Cloning-P3/data/correcting/IMG/center_2017_09_24_15_42_42_333.jpg,/Users/Jason/CarND/CarND-Behavioral-Cloning-P3/data/correcting/IMG/left_2017_09_24_15_42_42_333.jpg,/Users/Jason/CarND/CarND-Behavioral-Cloning-P3/data/correcting/IMG/right_2017_09_24_15_42_42_333.jpg,0,0,0,0.4061494
/Users/Jason/CarND/CarND-Behavioral-Cloning-P3/data/correcting/IMG/center_2017_09_24_15_42_42_406.jpg,/Users/Jason/CarND/CarND-Behavioral-Cloning-P3/data/correcting/IMG/left_2017_09_24_15_42_42_406.jpg,/Users/Jason/CarND/CarND-Behavioral-Cloning-P3/data/correcting/IMG/right_2017_09_24_15_42_42_406.jpg,0,0,0,0.402463
/Users/Jason/CarND/CarND-Behavioral-Cloning-P3/data/correcting/IMG/center_2017_09_24_15_42_42_473.jpg,/Users/Jason/CarND/CarND-Behavioral-Cloning-P3/data/correcting/IMG/left_2017_09_24_15_42_42_473.jpg,/Users/Jason/CarND/CarND-Behavioral-Cloning-P3/data/correcting/IMG/right_2017_09_24_15_42_42_473.jpg,0,0,0,0.3997176
/Users/Jason/CarND/CarND-Behavioral-Cloning-P3/data/correcting/IMG/center_2017_09_24_15_42_42_541.jpg,/Users/Jason/CarND/CarND-Behavioral-Cloning-P3/data/correcting/IMG/left_2017_09_24_15_42_42_541.jpg,/Users/Jason/CarND/CarND-Behavioral-Cloning-P3/data/correcting/IMG/right_2017_09_24_15_42_42_541.jpg,0,0,0,0.0004914967
/Users/Jason/CarND/CarND-Behavioral-Cloning-P3/data/correcting/IMG/center_2017_09_24_15_42_42_608.jpg,/Users/Jason/CarND/CarND-Behavioral-Cloning-P3/data/correcting/IMG/left_2017_09_24_15_42_42_608.jpg,/Users/Jason/CarND/CarND-Behavioral-Cloning-P3/data/correcting/IMG/right_2017_09_24_15_42_42_608.jpg,0,0,0,0.00128767
/Users/Jason/CarND/CarND-Behavioral-Cloning-P3/data/correcting/IMG/center_2017_09_24_15_42_42_679.jpg,/Users/Jason/CarND/CarND-Behavioral-Cloning-P3/data/correcting/IMG/left_2017_09_24_15_42_42_679.jpg,/Users/Jason/CarND/CarND-Behavioral-Cloning-P3/data/correcting/IMG/right_2017_09_24_15_42_42_679.jpg,0,0,0,0.001193642
/Users/Jason/CarND/CarND-Behavioral-Cloning-P3/data/correcting/IMG/center_2017_09_24_15_42_42_747.jpg,/Users/Jason/CarND/CarND-Behavioral-Cloning-P3/data/correcting/IMG/left_2017_09_24_15_42_42_747.jpg,/Users/Jason/CarND/CarND-Behavioral-Cloning-P3/data/correcting/IMG/right_2017_09_24_15_42_42_747.jpg,0,0,0,0.0007718026
/Users/Jason/CarND/CarND-Behavioral-Cloning-P3/data/correcting/IMG/center_2017_09_24_15_42_42_818.jpg,/Users/Jason/CarND/CarND-Behavioral-Cloning-P3/data/correcting/IMG/left_2017_09_24_15_42_42_818.jpg,/Users/Jason/CarND/CarND-Behavioral-Cloning-P3/data/correcting/IMG/right_2017_09_24_15_42_42_818.jpg,0,0,0,0.0004556884
/Users/Jason/CarND/CarND-Behavioral-Cloning-P3/data/correcting/IMG/center_2017_09_24_15_42_42_886.jpg,/Users/Jason/CarND/CarND-Behavioral-Cloning-P3/data/correcting/IMG/left_2017_09_24_15_42_42_886.jpg,/Users/Jason/CarND/CarND-Behavioral-Cloning-P3/data/correcting/IMG/right_2017_09_24_15_42_42_886.jpg,0,0,0,0.0001535022
/Users/Jason/CarND/CarND-Behavioral-Cloning-P3/data/correcting/IMG/center_2017_09_24_15_42_42_954.jpg,/Users/Jason/CarND/CarND-Behavioral-Cloning-P3/data/correcting/IMG/left_2017_09_24_15_42_42_954.jpg,/Users/Jason/CarND/CarND-Behavioral-Cloning-P3/data/correcting/IMG/right_2017_09_24_15_42_42_954.jpg,0,0,0,4.420743E-05
/Users/Jason/CarND/CarND-Behavioral-Cloning-P3/data/correcting/IMG/center_2017_09_24_15_42_43_025.jpg,/Users/Jason/CarND/CarND-Behavioral-Cloning-P3/data/correcting/IMG/left_2017_09_24_15_42_43_025.jpg,/Users/Jason/CarND/CarND-Behavioral-Cloning-P3/data/correcting/IMG/right_2017_09_24_15_42_43_025.jpg,0,0.19161,0,0.1318001
/Users/Jason/CarND/CarND-Behavioral-Cloning-P3/data/correcting/IMG/center_2017_09_24_15_42_43_094.jpg,/Users/Jason/CarND/CarND-Behavioral-Cloning-P3/data/correcting/IMG/left_2017_09_24_15_42_43_094.jpg,/Users/Jason/CarND/CarND-Behavioral-Cloning-P3/data/correcting/IMG/right_2017_09_24_15_42_43_094.jpg,0,0.3776491,0,0.3321926
/Users/Jason/CarND/CarND-Behavioral-Cloning-P3/data/correcting/IMG/center_2017_09_24_15_42_43_165.jpg,/Users/Jason/CarND/CarND-Behavioral-Cloning-P3/data/correcting/IMG/left_2017_09_24_15_42_43_165.jpg,/Users/Jason/CarND/CarND-Behavioral-Cloning-P3/data/correcting/IMG/right_2017_09_24_15_42_43_165.jpg,0,0.613377,0,0.7623945
/Users/Jason/CarND/CarND-Behavioral-Cloning-P3/data/correcting/IMG/center_2017_09_24_15_42_43_238.jpg,/Users/Jason/CarND/CarND-Behavioral-Cloning-P3/data/correcting/IMG/left_2017_09_24_15_42_43_238.jpg,/Users/Jason/CarND/CarND-Behavioral-Cloning-P3/data/correcting/IMG/right_2017_09_24_15_42_43_238.jpg,0,0.7967071,0,1.259139
/Users/Jason/CarND/CarND-Behavioral-Cloning-P3/data/correcting/IMG/center_2017_09_24_15_42_43_307.jpg,/Users/Jason/CarND/CarND-Behavioral-Cloning-P3/data/correcting/IMG/left_2017_09_24_15_42_43_307.jpg,/Users/Jason/CarND/CarND-Behavioral-Cloning-P3/data/correcting/IMG/right_2017_09_24_15_42_43_307.jpg,0,1,0,2.154776
/Users/Jason/CarND/CarND-Behavioral-Cloning-P3/data/correcting/IMG/center_2017_09_24_15_42_43_375.jpg,/Users/Jason/CarND/CarND-Behavioral-Cloning-P3/data/correcting/IMG/left_2017_09_24_15_42_43_375.jpg,/Users/Jason/CarND/CarND-Behavioral-Cloning-P3/data/correcting/IMG/right_2017_09_24_15_42_43_375.jpg,0,1,0,2.834416
/Users/Jason/CarND/CarND-Behavioral-Cloning-P3/data/correcting/IMG/center_2017_09_24_15_42_43_445.jpg,/Users/Jason/CarND/CarND-Behavioral-Cloning-P3/data/correcting/IMG/left_2017_09_24_15_42_43_445.jpg,/Users/Jason/CarND/CarND-Behavioral-Cloning-P3/data/correcting/IMG/right_2017_09_24_15_42_43_445.jpg,0,1,0,3.767501
/Users/Jason/CarND/CarND-Behavioral-Cloning-P3/data/correcting/IMG/center_2017_09_24_15_42_43_513.jpg,/Users/Jason/CarND/CarND-Behavioral-Cloning-P3/data/correcting/IMG/left_2017_09_24_15_42_43_513.jpg,/Users/Jason/CarND/CarND-Behavioral-Cloning-P3/data/correcting/IMG/right_2017_09_24_15_42_43_513.jpg,0,1,0,4.470285
/Users/Jason/CarND/CarND-Behavioral-Cloning-P3/data/correcting/IMG/center_2017_09_24_15_42_43_582.jpg,/Users/Jason/CarND/CarND-Behavioral-Cloning-P3/data/correcting/IMG/left_2017_09_24_15_42_43_582.jpg,/Users/Jason/CarND/CarND-Behavioral-Cloning-P3/data/correcting/IMG/right_2017_09_24_15_42_43_582.jpg,0.1,1,0,5.397866
/Users/Jason/CarND/CarND-Behavioral-Cloning-P3/data/correcting/IMG/center_2017_09_24_15_42_43_650.jpg,/Users/Jason/CarND/CarND-Behavioral-Cloning-P3/data/correcting/IMG/left_2017_09_24_15_42_43_650.jpg,/Users/Jason/CarND/CarND-Behavioral-Cloning-P3/data/correcting/IMG/right_2017_09_24_15_42_43_650.jpg,0.25,1,0,6.079794
/Users/Jason/CarND/CarND-Behavioral-Cloning-P3/data/correcting/IMG/center_2017_09_24_15_42_43_721.jpg,/Users/Jason/CarND/CarND-Behavioral-Cloning-P3/data/correcting/IMG/left_2017_09_24_15_42_43_721.jpg,/Users/Jason/CarND/CarND-Behavioral-Cloning-P3/data/correcting/IMG/right_2017_09_24_15_42_43_721.jpg,0.2565483,1,0,6.757211
/Users/Jason/CarND/CarND-Behavioral-Cloning-P3/data/correcting/IMG/center_2017_09_24_15_42_43_793.jpg,/Users/Jason/CarND/CarND-Behavioral-Cloning-P3/data/correcting/IMG/left_2017_09_24_15_42_43_793.jpg,/Users/Jason/CarND/CarND-Behavioral-Cloning-P3/data/correcting/IMG/right_2017_09_24_15_42_43_793.jpg,0.004278123,1,0,7.667097
/Users/Jason/CarND/CarND-Behavioral-Cloning-P3/data/correcting/IMG/center_2017_09_24_15_42_43_866.jpg,/Users/Jason/CarND/CarND-Behavioral-Cloning-P3/data/correcting/IMG/left_2017_09_24_15_42_43_866.jpg,/Users/Jason/CarND/CarND-Behavioral-Cloning-P3/data/correcting/IMG/right_2017_09_24_15_42_43_866.jpg,0,1,0,8.569309
/Users/Jason/CarND/CarND-Behavioral-Cloning-P3/data/correcting/IMG/center_2017_09_24_15_42_43_936.jpg,/Users/Jason/CarND/CarND-Behavioral-Cloning-P3/data/correcting/IMG/left_2017_09_24_15_42_43_936.jpg,/Users/Jason/CarND/CarND-Behavioral-Cloning-P3/data/correcting/IMG/right_2017_09_24_15_42_43_936.jpg,0,1,0,9.242922
/Users/Jason/CarND/CarND-Behavioral-Cloning-P3/data/correcting/IMG/center_2017_09_24_15_42_44_010.jpg,/Users/Jason/CarND/CarND-Behavioral-Cloning-P3/data/correcting/IMG/left_2017_09_24_15_42_44_010.jpg,/Users/Jason/CarND/CarND-Behavioral-Cloning-P3/data/correcting/IMG/right_2017_09_24_15_42_44_010.jpg,0.05,1,0,10.13459
/Users/Jason/CarND/CarND-Behavioral-Cloning-P3/data/correcting/IMG/center_2017_09_24_15_42_44_078.jpg,/Users/Jason/CarND/CarND-Behavioral-Cloning-P3/data/correcting/IMG/left_2017_09_24_15_42_44_078.jpg,/Users/Jason/CarND/CarND-Behavioral-Cloning-P3/data/correcting/IMG/right_2017_09_24_15_42_44_078.jpg,0.2,1,0,10.78811
/Users/Jason/CarND/CarND-Behavioral-Cloning-P3/data/correcting/IMG/center_2017_09_24_15_42_44_151.jpg,/Users/Jason/CarND/CarND-Behavioral-Cloning-P3/data/correcting/IMG/left_2017_09_24_15_42_44_151.jpg,/Users/Jason/CarND/CarND-Behavioral-Cloning-P3/data/correcting/IMG/right_2017_09_24_15_42_44_151.jpg,0.4,1,0,11.45289
/Users/Jason/CarND/CarND-Behavioral-Cloning-P3/data/correcting/IMG/center_2017_09_24_15_42_44_224.jpg,/Users/Jason/CarND/CarND-Behavioral-Cloning-P3/data/correcting/IMG/left_2017_09_24_15_42_44_224.jpg,/Users/Jason/CarND/CarND-Behavioral-Cloning-P3/data/correcting/IMG/right_2017_09_24_15_42_44_224.jpg,0.549885,1,0,12.28934
/Users/Jason/CarND/CarND-Behavioral-Cloning-P3/data/correcting/IMG/center_2017_09_24_15_42_44_294.jpg,/Users/Jason/CarND/CarND-Behavioral-Cloning-P3/data/correcting/IMG/left_2017_09_24_15_42_44_294.jpg,/Users/Jason/CarND/CarND-Behavioral-Cloning-P3/data/correcting/IMG/right_2017_09_24_15_42_44_294.jpg,0.375228,1,0,13.14585
/Users/Jason/CarND/CarND-Behavioral-Cloning-P3/data/correcting/IMG/center_2017_09_24_15_42_44_366.jpg,/Users/Jason/CarND/CarND-Behavioral-Cloning-P3/data/correcting/IMG/left_2017_09_24_15_42_44_366.jpg,/Users/Jason/CarND/CarND-Behavioral-Cloning-P3/data/correcting/IMG/right_2017_09_24_15_42_44_366.jpg,0.122214,1,0,14.00168
/Users/Jason/CarND/CarND-Behavioral-Cloning-P3/data/correcting/IMG/center_2017_09_24_15_42_44_433.jpg,/Users/Jason/CarND/CarND-Behavioral-Cloning-P3/data/correcting/IMG/left_2017_09_24_15_42_44_433.jpg,/Users/Jason/CarND/CarND-Behavioral-Cloning-P3/data/correcting/IMG/right_2017_09_24_15_42_44_433.jpg,0,1,0,14.44438
/Users/Jason/CarND/CarND-Behavioral-Cloning-P3/data/correcting/IMG/center_2017_09_24_15_42_44_505.jpg,/Users/Jason/CarND/CarND-Behavioral-Cloning-P3/data/correcting/IMG/left_2017_09_24_15_42_44_505.jpg,/Users/Jason/CarND/CarND-Behavioral-Cloning-P3/data/correcting/IMG/right_2017_09_24_15_42_44_505.jpg,0,1,0,15.24814
/Users/Jason/CarND/CarND-Behavioral-Cloning-P3/data/correcting/IMG/center_2017_09_24_15_42_44_573.jpg,/Users/Jason/CarND/CarND-Behavioral-Cloning-P3/data/correcting/IMG/left_2017_09_24_15_42_44_573.jpg,/Users/Jason/CarND/CarND-Behavioral-Cloning-P3/data/correcting/IMG/right_2017_09_24_15_42_44_573.jpg,0,1,0,16.15206
/Users/Jason/CarND/CarND-Behavioral-Cloning-P3/data/correcting/IMG/center_2017_09_24_15_42_44_641.jpg,/Users/Jason/CarND/CarND-Behavioral-Cloning-P3/data/correcting/IMG/left_2017_09_24_15_42_44_641.jpg,/Users/Jason/CarND/CarND-Behavioral-Cloning-P3/data/correcting/IMG/right_2017_09_24_15_42_44_641.jpg,0,1,0,16.53875
/Users/Jason/CarND/CarND-Behavioral-Cloning-P3/data/correcting/IMG/center_2017_09_24_15_42_44_709.jpg,/Users/Jason/CarND/CarND-Behavioral-Cloning-P3/data/correcting/IMG/left_2017_09_24_15_42_44_709.jpg,/Users/Jason/CarND/CarND-Behavioral-Cloning-P3/data/correcting/IMG/right_2017_09_24_15_42_44_709.jpg,0.05,1,0,17.39182
/Users/Jason/CarND/CarND-Behavioral-Cloning-P3/data/correcting/IMG/center_2017_09_24_15_42_44_776.jpg,/Users/Jason/CarND/CarND-Behavioral-Cloning-P3/data/correcting/IMG/left_2017_09_24_15_42_44_776.jpg,/Users/Jason/CarND/CarND-Behavioral-Cloning-P3/data/correcting/IMG/right_2017_09_24_15_42_44_776.jpg,0.2,1,0,18.19486
/Users/Jason/CarND/CarND-Behavioral-Cloning-P3/data/correcting/IMG/center_2017_09_24_15_42_44_844.jpg,/Users/Jason/CarND/CarND-Behavioral-Cloning-P3/data/correcting/IMG/left_2017_09_24_15_42_44_844.jpg,/Users/Jason/CarND/CarND-Behavioral-Cloning-P3/data/correcting/IMG/right_2017_09_24_15_42_44_844.jpg,0.1972169,1,0,18.96732
/Users/Jason/CarND/CarND-Behavioral-Cloning-P3/data/correcting/IMG/center_2017_09_24_15_42_44_915.jpg,/Users/Jason/CarND/CarND-Behavioral-Cloning-P3/data/correcting/IMG/left_2017_09_24_15_42_44_915.jpg,/Users/Jason/CarND/CarND-Behavioral-Cloning-P3/data/correcting/IMG/right_2017_09_24_15_42_44_915.jpg,0.02186698,1,0,19.4385
/Users/Jason/CarND/CarND-Behavioral-Cloning-P3/data/correcting/IMG/center_2017_09_24_15_42_44_986.jpg,/Users/Jason/CarND/CarND-Behavioral-Cloning-P3/data/correcting/IMG/left_2017_09_24_15_42_44_986.jpg,/Users/Jason/CarND/CarND-Behavioral-Cloning-P3/data/correcting/IMG/right_2017_09_24_15_42_44_986.jpg,0,1,0,20.25893
/Users/Jason/CarND/CarND-Behavioral-Cloning-P3/data/correcting/IMG/center_2017_09_24_15_42_45_056.jpg,/Users/Jason/CarND/CarND-Behavioral-Cloning-P3/data/correcting/IMG/left_2017_09_24_15_42_45_056.jpg,/Users/Jason/CarND/CarND-Behavioral-Cloning-P3/data/correcting/IMG/right_2017_09_24_15_42_45_056.jpg,0,1,0,20.95487
/Users/Jason/CarND/CarND-Behavioral-Cloning-P3/data/correcting/IMG/center_2017_09_24_15_42_45_126.jpg,/Users/Jason/CarND/CarND-Behavioral-Cloning-P3/data/correcting/IMG/left_2017_09_24_15_42_45_126.jpg,/Users/Jason/CarND/CarND-Behavioral-Cloning-P3/data/correcting/IMG/right_2017_09_24_15_42_45_126.jpg,0,1,0,21.74014
/Users/Jason/CarND/CarND-Behavioral-Cloning-P3/data/correcting/IMG/center_2017_09_24_15_42_45_194.jpg,/Users/Jason/CarND/CarND-Behavioral-Cloning-P3/data/correcting/IMG/left_2017_09_24_15_42_45_194.jpg,/Users/Jason/CarND/CarND-Behavioral-Cloning-P3/data/correcting/IMG/right_2017_09_24_15_42_45_194.jpg,0,1,0,22.28963
/Users/Jason/CarND/CarND-Behavioral-Cloning-P3/data/correcting/IMG/center_2017_09_24_15_42_45_266.jpg,/Users/Jason/CarND/CarND-Behavioral-Cloning-P3/data/correcting/IMG/left_2017_09_24_15_42_45_266.jpg,/Users/Jason/CarND/CarND-Behavioral-Cloning-P3/data/correcting/IMG/right_2017_09_24_15_42_45_266.jpg,0,1,0,23.0859
/Users/Jason/CarND/CarND-Behavioral-Cloning-P3/data/correcting/IMG/center_2017_09_24_15_42_45_333.jpg,/Users/Jason/CarND/CarND-Behavioral-Cloning-P3/data/correcting/IMG/left_2017_09_24_15_42_45_333.jpg,/Users/Jason/CarND/CarND-Behavioral-Cloning-P3/data/correcting/IMG/right_2017_09_24_15_42_45_333.jpg,0,1,0,23.68452
/Users/Jason/CarND/CarND-Behavioral-Cloning-P3/data/correcting/IMG/center_2017_09_24_15_42_45_404.jpg,/Users/Jason/CarND/CarND-Behavioral-Cloning-P3/data/correcting/IMG/left_2017_09_24_15_42_45_404.jpg,/Users/Jason/CarND/CarND-Behavioral-Cloning-P3/data/correcting/IMG/right_2017_09_24_15_42_45_404.jpg,0,1,0,24.45703
/Users/Jason/CarND/CarND-Behavioral-Cloning-P3/data/correcting/IMG/center_2017_09_24_15_42_45_477.jpg,/Users/Jason/CarND/CarND-Behavioral-Cloning-P3/data/correcting/IMG/left_2017_09_24_15_42_45_477.jpg,/Users/Jason/CarND/CarND-Behavioral-Cloning-P3/data/correcting/IMG/right_2017_09_24_15_42_45_477.jpg,0,1,0,25.03275
/Users/Jason/CarND/CarND-Behavioral-Cloning-P3/data/correcting/IMG/center_2017_09_24_15_42_45_550.jpg,/Users/Jason/CarND/CarND-Behavioral-Cloning-P3/data/correcting/IMG/left_2017_09_24_15_42_45_550.jpg,/Users/Jason/CarND/CarND-Behavioral-Cloning-P3/data/correcting/IMG/right_2017_09_24_15_42_45_550.jpg,0.1,1,0,25.79446
/Users/Jason/CarND/CarND-Behavioral-Cloning-P3/data/correcting/IMG/center_2017_09_24_15_42_45_622.jpg,/Users/Jason/CarND/CarND-Behavioral-Cloning-P3/data/correcting/IMG/left_2017_09_24_15_42_45_622.jpg,/Users/Jason/CarND/CarND-Behavioral-Cloning-P3/data/correcting/IMG/right_2017_09_24_15_42_45_622.jpg,0.1226612,1,0,26.5285
/Users/Jason/CarND/CarND-Behavioral-Cloning-P3/data/correcting/IMG/center_2017_09_24_15_42_45_690.jpg,/Users/Jason/CarND/CarND-Behavioral-Cloning-P3/data/correcting/IMG/left_2017_09_24_15_42_45_690.jpg,/Users/Jason/CarND/CarND-Behavioral-Cloning-P3/data/correcting/IMG/right_2017_09_24_15_42_45_690.jpg,0,0.9794081,0,27.09229
/Users/Jason/CarND/CarND-Behavioral-Cloning-P3/data/correcting/IMG/center_2017_09_24_15_42_45_763.jpg,/Users/Jason/CarND/CarND-Behavioral-Cloning-P3/data/correcting/IMG/left_2017_09_24_15_42_45_763.jpg,/Users/Jason/CarND/CarND-Behavioral-Cloning-P3/data/correcting/IMG/right_2017_09_24_15_42_45_763.jpg,0,0.741226,0,27.71368
/Users/Jason/CarND/CarND-Behavioral-Cloning-P3/data/correcting/IMG/center_2017_09_24_15_42_45_833.jpg,/Users/Jason/CarND/CarND-Behavioral-Cloning-P3/data/correcting/IMG/left_2017_09_24_15_42_45_833.jpg,/Users/Jason/CarND/CarND-Behavioral-Cloning-P3/data/correcting/IMG/right_2017_09_24_15_42_45_833.jpg,0,0.550372,0,28.02036
/Users/Jason/CarND/CarND-Behavioral-Cloning-P3/data/correcting/IMG/center_2017_09_24_15_42_45_907.jpg,/Users/Jason/CarND/CarND-Behavioral-Cloning-P3/data/correcting/IMG/left_2017_09_24_15_42_45_907.jpg,/Users/Jason/CarND/CarND-Behavioral-Cloning-P3/data/correcting/IMG/right_2017_09_24_15_42_45_907.jpg,0,0.3085811,0,28.22325
/Users/Jason/CarND/CarND-Behavioral-Cloning-P3/data/correcting/IMG/center_2017_09_24_15_42_45_978.jpg,/Users/Jason/CarND/CarND-Behavioral-Cloning-P3/data/correcting/IMG/left_2017_09_24_15_42_45_978.jpg,/Users/Jason/CarND/CarND-Behavioral-Cloning-P3/data/correcting/IMG/right_2017_09_24_15_42_45_978.jpg,0,0.1366091,0,28.22092
/Users/Jason/CarND/CarND-Behavioral-Cloning-P3/data/correcting/IMG/center_2017_09_24_15_42_46_048.jpg,/Users/Jason/CarND/CarND-Behavioral-Cloning-P3/data/correcting/IMG/left_2017_09_24_15_42_46_048.jpg,/Users/Jason/CarND/CarND-Behavioral-Cloning-P3/data/correcting/IMG/right_2017_09_24_15_42_46_048.jpg,0,0,0,28.0366
/Users/Jason/CarND/CarND-Behavioral-Cloning-P3/data/correcting/IMG/center_2017_09_24_15_42_46_120.jpg,/Users/Jason/CarND/CarND-Behavioral-Cloning-P3/data/correcting/IMG/left_2017_09_24_15_42_46_120.jpg,/Users/Jason/CarND/CarND-Behavioral-Cloning-P3/data/correcting/IMG/right_2017_09_24_15_42_46_120.jpg,0,0,0,27.86635
/Users/Jason/CarND/CarND-Behavioral-Cloning-P3/data/correcting/IMG/center_2017_09_24_15_42_46_191.jpg,/Users/Jason/CarND/CarND-Behavioral-Cloning-P3/data/correcting/IMG/left_2017_09_24_15_42_46_191.jpg,/Users/Jason/CarND/CarND-Behavioral-Cloning-P3/data/correcting/IMG/right_2017_09_24_15_42_46_191.jpg,0,0,0,27.64055
/Users/Jason/CarND/CarND-Behavioral-Cloning-P3/data/correcting/IMG/center_2017_09_24_15_42_46_257.jpg,/Users/Jason/CarND/CarND-Behavioral-Cloning-P3/data/correcting/IMG/left_2017_09_24_15_42_46_257.jpg,/Users/Jason/CarND/CarND-Behavioral-Cloning-P3/data/correcting/IMG/right_2017_09_24_15_42_46_257.jpg,0,0,0,27.47241
/Users/Jason/CarND/CarND-Behavioral-Cloning-P3/data/correcting/IMG/center_2017_09_24_15_42_46_327.jpg,/Users/Jason/CarND/CarND-Behavioral-Cloning-P3/data/correcting/IMG/left_2017_09_24_15_42_46_327.jpg,/Users/Jason/CarND/CarND-Behavioral-Cloning-P3/data/correcting/IMG/right_2017_09_24_15_42_46_327.jpg,-0.2,0,0,27.23151
/Users/Jason/CarND/CarND-Behavioral-Cloning-P3/data/correcting/IMG/center_2017_09_24_15_42_46_394.jpg,/Users/Jason/CarND/CarND-Behavioral-Cloning-P3/data/correcting/IMG/left_2017_09_24_15_42_46_394.jpg,/Users/Jason/CarND/CarND-Behavioral-Cloning-P3/data/correcting/IMG/right_2017_09_24_15_42_46_394.jpg,-0.173589,0,0,27.03731
/Users/Jason/CarND/CarND-Behavioral-Cloning-P3/data/correcting/IMG/center_2017_09_24_15_42_46_465.jpg,/Users/Jason/CarND/CarND-Behavioral-Cloning-P3/data/correcting/IMG/left_2017_09_24_15_42_46_465.jpg,/Users/Jason/CarND/CarND-Behavioral-Cloning-P3/data/correcting/IMG/right_2017_09_24_15_42_46_465.jpg,0,0,0,26.81654
/Users/Jason/CarND/CarND-Behavioral-Cloning-P3/data/correcting/IMG/center_2017_09_24_15_42_46_537.jpg,/Users/Jason/CarND/CarND-Behavioral-Cloning-P3/data/correcting/IMG/left_2017_09_24_15_42_46_537.jpg,/Users/Jason/CarND/CarND-Behavioral-Cloning-P3/data/correcting/IMG/right_2017_09_24_15_42_46_537.jpg,0,0,0,26.6521
/Users/Jason/CarND/CarND-Behavioral-Cloning-P3/data/correcting/IMG/center_2017_09_24_15_42_46_608.jpg,/Users/Jason/CarND/CarND-Behavioral-Cloning-P3/data/correcting/IMG/left_2017_09_24_15_42_46_608.jpg,/Users/Jason/CarND/CarND-Behavioral-Cloning-P3/data/correcting/IMG/right_2017_09_24_15_42_46_608.jpg,0,0,0,26.43567
/Users/Jason/CarND/CarND-Behavioral-Cloning-P3/data/correcting/IMG/center_2017_09_24_15_42_46_679.jpg,/Users/Jason/CarND/CarND-Behavioral-Cloning-P3/data/correcting/IMG/left_2017_09_24_15_42_46_679.jpg,/Users/Jason/CarND/CarND-Behavioral-Cloning-P3/data/correcting/IMG/right_2017_09_24_15_42_46_679.jpg,0,0,0,26.27485
/Users/Jason/CarND/CarND-Behavioral-Cloning-P3/data/correcting/IMG/center_2017_09_24_15_42_46_750.jpg,/Users/Jason/CarND/CarND-Behavioral-Cloning-P3/data/correcting/IMG/left_2017_09_24_15_42_46_750.jpg,/Users/Jason/CarND/CarND-Behavioral-Cloning-P3/data/correcting/IMG/right_2017_09_24_15_42_46_750.jpg,0,0,0,26.06207
/Users/Jason/CarND/CarND-Behavioral-Cloning-P3/data/correcting/IMG/center_2017_09_24_15_42_46_856.jpg,/Users/Jason/CarND/CarND-Behavioral-Cloning-P3/data/correcting/IMG/left_2017_09_24_15_42_46_856.jpg,/Users/Jason/CarND/CarND-Behavioral-Cloning-P3/data/correcting/IMG/right_2017_09_24_15_42_46_856.jpg,0,0,0,25.85299
/Users/Jason/CarND/CarND-Behavioral-Cloning-P3/data/correcting/IMG/center_2017_09_24_15_43_24_460.jpg,/Users/Jason/CarND/CarND-Behavioral-Cloning-P3/data/correcting/IMG/left_2017_09_24_15_43_24_460.jpg,/Users/Jason/CarND/CarND-Behavioral-Cloning-P3/data/correcting/IMG/right_2017_09_24_15_43_24_460.jpg,0,0,0,3.140516
/Users/Jason/CarND/CarND-Behavioral-Cloning-P3/data/correcting/IMG/center_2017_09_24_15_43_24_529.jpg,/Users/Jason/CarND/CarND-Behavioral-Cloning-P3/data/correcting/IMG/left_2017_09_24_15_43_24_529.jpg,/Users/Jason/CarND/CarND-Behavioral-Cloning-P3/data/correcting/IMG/right_2017_09_24_15_43_24_529.jpg,0,0,0,3.115239
/Users/Jason/CarND/CarND-Behavioral-Cloning-P3/data/correcting/IMG/center_2017_09_24_15_43_24_598.jpg,/Users/Jason/CarND/CarND-Behavioral-Cloning-P3/data/correcting/IMG/left_2017_09_24_15_43_24_598.jpg,/Users/Jason/CarND/CarND-Behavioral-Cloning-P3/data/correcting/IMG/right_2017_09_24_15_43_24_598.jpg,0,0,0,3.096415
/Users/Jason/CarND/CarND-Behavioral-Cloning-P3/data/correcting/IMG/center_2017_09_24_15_43_24_668.jpg,/Users/Jason/CarND/CarND-Behavioral-Cloning-P3/data/correcting/IMG/left_2017_09_24_15_43_24_668.jpg,/Users/Jason/CarND/CarND-Behavioral-Cloning-P3/data/correcting/IMG/right_2017_09_24_15_43_24_668.jpg,0,0,0,3.071491
/Users/Jason/CarND/CarND-Behavioral-Cloning-P3/data/correcting/IMG/center_2017_09_24_15_43_24_736.jpg,/Users/Jason/CarND/CarND-Behavioral-Cloning-P3/data/correcting/IMG/left_2017_09_24_15_43_24_736.jpg,/Users/Jason/CarND/CarND-Behavioral-Cloning-P3/data/correcting/IMG/right_2017_09_24_15_43_24_736.jpg,0,0,0,3.052931
/Users/Jason/CarND/CarND-Behavioral-Cloning-P3/data/correcting/IMG/center_2017_09_24_15_43_24_807.jpg,/Users/Jason/CarND/CarND-Behavioral-Cloning-P3/data/correcting/IMG/left_2017_09_24_15_43_24_807.jpg,/Users/Jason/CarND/CarND-Behavioral-Cloning-P3/data/correcting/IMG/right_2017_09_24_15_43_24_807.jpg,0,0,0,3.028389
/Users/Jason/CarND/CarND-Behavioral-Cloning-P3/data/correcting/IMG/center_2017_09_24_15_43_24_877.jpg,/Users/Jason/CarND/CarND-Behavioral-Cloning-P3/data/correcting/IMG/left_2017_09_24_15_43_24_877.jpg,/Users/Jason/CarND/CarND-Behavioral-Cloning-P3/data/correcting/IMG/right_2017_09_24_15_43_24_877.jpg,0,0,0,3.010118
/Users/Jason/CarND/CarND-Behavioral-Cloning-P3/data/correcting/IMG/center_2017_09_24_15_43_24_948.jpg,/Users/Jason/CarND/CarND-Behavioral-Cloning-P3/data/correcting/IMG/left_2017_09_24_15_43_24_948.jpg,/Users/Jason/CarND/CarND-Behavioral-Cloning-P3/data/correcting/IMG/right_2017_09_24_15_43_24_948.jpg,0,0,0,2.985928
/Users/Jason/CarND/CarND-Behavioral-Cloning-P3/data/correcting/IMG/center_2017_09_24_15_43_25_015.jpg,/Users/Jason/CarND/CarND-Behavioral-Cloning-P3/data/correcting/IMG/left_2017_09_24_15_43_25_015.jpg,/Users/Jason/CarND/CarND-Behavioral-Cloning-P3/data/correcting/IMG/right_2017_09_24_15_43_25_015.jpg,0.1,0,0,2.966791
/Users/Jason/CarND/CarND-Behavioral-Cloning-P3/data/correcting/IMG/center_2017_09_24_15_43_25_086.jpg,/Users/Jason/CarND/CarND-Behavioral-Cloning-P3/data/correcting/IMG/left_2017_09_24_15_43_25_086.jpg,/Users/Jason/CarND/CarND-Behavioral-Cloning-P3/data/correcting/IMG/right_2017_09_24_15_43_25_086.jpg,0.3,0.07212299,0,2.953896
/Users/Jason/CarND/CarND-Behavioral-Cloning-P3/data/correcting/IMG/center_2017_09_24_15_43_25_153.jpg,/Users/Jason/CarND/CarND-Behavioral-Cloning-P3/data/correcting/IMG/left_2017_09_24_15_43_25_153.jpg,/Users/Jason/CarND/CarND-Behavioral-Cloning-P3/data/correcting/IMG/right_2017_09_24_15_43_25_153.jpg,0.45,0.0966931,0,3.019851
/Users/Jason/CarND/CarND-Behavioral-Cloning-P3/data/correcting/IMG/center_2017_09_24_15_43_25_224.jpg,/Users/Jason/CarND/CarND-Behavioral-Cloning-P3/data/correcting/IMG/left_2017_09_24_15_43_25_224.jpg,/Users/Jason/CarND/CarND-Behavioral-Cloning-P3/data/correcting/IMG/right_2017_09_24_15_43_25_224.jpg,0.6500001,0,0,2.987756
/Users/Jason/CarND/CarND-Behavioral-Cloning-P3/data/correcting/IMG/center_2017_09_24_15_43_25_294.jpg,/Users/Jason/CarND/CarND-Behavioral-Cloning-P3/data/correcting/IMG/left_2017_09_24_15_43_25_294.jpg,/Users/Jason/CarND/CarND-Behavioral-Cloning-P3/data/correcting/IMG/right_2017_09_24_15_43_25_294.jpg,0.8000001,0,0,2.949409
/Users/Jason/CarND/CarND-Behavioral-Cloning-P3/data/correcting/IMG/center_2017_09_24_15_43_25_364.jpg,/Users/Jason/CarND/CarND-Behavioral-Cloning-P3/data/correcting/IMG/left_2017_09_24_15_43_25_364.jpg,/Users/Jason/CarND/CarND-Behavioral-Cloning-P3/data/correcting/IMG/right_2017_09_24_15_43_25_364.jpg,0.988477,0,0,2.88994
/Users/Jason/CarND/CarND-Behavioral-Cloning-P3/data/correcting/IMG/center_2017_09_24_15_43_25_433.jpg,/Users/Jason/CarND/CarND-Behavioral-Cloning-P3/data/correcting/IMG/left_2017_09_24_15_43_25_433.jpg,/Users/Jason/CarND/CarND-Behavioral-Cloning-P3/data/correcting/IMG/right_2017_09_24_15_43_25_433.jpg,0.8165441,0,0,2.873774
/Users/Jason/CarND/CarND-Behavioral-Cloning-P3/data/correcting/IMG/center_2017_09_24_15_43_25_500.jpg,/Users/Jason/CarND/CarND-Behavioral-Cloning-P3/data/correcting/IMG/left_2017_09_24_15_43_25_500.jpg,/Users/Jason/CarND/CarND-Behavioral-Cloning-P3/data/correcting/IMG/right_2017_09_24_15_43_25_500.jpg,0.6357101,0,0,2.864944
/Users/Jason/CarND/CarND-Behavioral-Cloning-P3/data/correcting/IMG/center_2017_09_24_15_43_25_569.jpg,/Users/Jason/CarND/CarND-Behavioral-Cloning-P3/data/correcting/IMG/left_2017_09_24_15_43_25_569.jpg,/Users/Jason/CarND/CarND-Behavioral-Cloning-P3/data/correcting/IMG/right_2017_09_24_15_43_25_569.jpg,0.387838,0,0,2.851222
/Users/Jason/CarND/CarND-Behavioral-Cloning-P3/data/correcting/IMG/center_2017_09_24_15_43_25_639.jpg,/Users/Jason/CarND/CarND-Behavioral-Cloning-P3/data/correcting/IMG/left_2017_09_24_15_43_25_639.jpg,/Users/Jason/CarND/CarND-Behavioral-Cloning-P3/data/correcting/IMG/right_2017_09_24_15_43_25_639.jpg,0.208738,0,0,2.837161
/Users/Jason/CarND/CarND-Behavioral-Cloning-P3/data/correcting/IMG/center_2017_09_24_15_43_25_710.jpg,/Users/Jason/CarND/CarND-Behavioral-Cloning-P3/data/correcting/IMG/left_2017_09_24_15_43_25_710.jpg,/Users/Jason/CarND/CarND-Behavioral-Cloning-P3/data/correcting/IMG/right_2017_09_24_15_43_25_710.jpg,0.1896139,0,0,2.813802
/Users/Jason/CarND/CarND-Behavioral-Cloning-P3/data/correcting/IMG/center_2017_09_24_15_43_25_782.jpg,/Users/Jason/CarND/CarND-Behavioral-Cloning-P3/data/correcting/IMG/left_2017_09_24_15_43_25_782.jpg,/Users/Jason/CarND/CarND-Behavioral-Cloning-P3/data/correcting/IMG/right_2017_09_24_15_43_25_782.jpg,0.3896139,0,0,2.782264
/Users/Jason/CarND/CarND-Behavioral-Cloning-P3/data/correcting/IMG/center_2017_09_24_15_43_25_854.jpg,/Users/Jason/CarND/CarND-Behavioral-Cloning-P3/data/correcting/IMG/left_2017_09_24_15_43_25_854.jpg,/Users/Jason/CarND/CarND-Behavioral-Cloning-P3/data/correcting/IMG/right_2017_09_24_15_43_25_854.jpg,0.539614,0,0,2.753989
/Users/Jason/CarND/CarND-Behavioral-Cloning-P3/data/correcting/IMG/center_2017_09_24_15_43_25_923.jpg,/Users/Jason/CarND/CarND-Behavioral-Cloning-P3/data/correcting/IMG/left_2017_09_24_15_43_25_923.jpg,/Users/Jason/CarND/CarND-Behavioral-Cloning-P3/data/correcting/IMG/right_2017_09_24_15_43_25_923.jpg,0.739614,0,0,2.710482
/Users/Jason/CarND/CarND-Behavioral-Cloning-P3/data/correcting/IMG/center_2017_09_24_15_43_25_993.jpg,/Users/Jason/CarND/CarND-Behavioral-Cloning-P3/data/correcting/IMG/left_2017_09_24_15_43_25_993.jpg,/Users/Jason/CarND/CarND-Behavioral-Cloning-P3/data/correcting/IMG/right_2017_09_24_15_43_25_993.jpg,0.889614,0,0,2.672294
/Users/Jason/CarND/CarND-Behavioral-Cloning-P3/data/correcting/IMG/center_2017_09_24_15_43_26_064.jpg,/Users/Jason/CarND/CarND-Behavioral-Cloning-P3/data/correcting/IMG/left_2017_09_24_15_43_26_064.jpg,/Users/Jason/CarND/CarND-Behavioral-Cloning-P3/data/correcting/IMG/right_2017_09_24_15_43_26_064.jpg,1,0.1235071,0,2.681398
/Users/Jason/CarND/CarND-Behavioral-Cloning-P3/data/correcting/IMG/center_2017_09_24_15_43_26_132.jpg,/Users/Jason/CarND/CarND-Behavioral-Cloning-P3/data/correcting/IMG/left_2017_09_24_15_43_26_132.jpg,/Users/Jason/CarND/CarND-Behavioral-Cloning-P3/data/correcting/IMG/right_2017_09_24_15_43_26_132.jpg,0.9267129,0.2983741,0,2.807717
/Users/Jason/CarND/CarND-Behavioral-Cloning-P3/data/correcting/IMG/center_2017_09_24_15_43_26_200.jpg,/Users/Jason/CarND/CarND-Behavioral-Cloning-P3/data/correcting/IMG/left_2017_09_24_15_43_26_200.jpg,/Users/Jason/CarND/CarND-Behavioral-Cloning-P3/data/correcting/IMG/right_2017_09_24_15_43_26_200.jpg,0.7347729,0.4903141,0,3.097672
/Users/Jason/CarND/CarND-Behavioral-Cloning-P3/data/correcting/IMG/center_2017_09_24_15_43_26_269.jpg,/Users/Jason/CarND/CarND-Behavioral-Cloning-P3/data/correcting/IMG/left_2017_09_24_15_43_26_269.jpg,/Users/Jason/CarND/CarND-Behavioral-Cloning-P3/data/correcting/IMG/right_2017_09_24_15_43_26_269.jpg,0.5019399,0.7231472,0,3.689592
/Users/Jason/CarND/CarND-Behavioral-Cloning-P3/data/correcting/IMG/center_2017_09_24_15_43_26_340.jpg,/Users/Jason/CarND/CarND-Behavioral-Cloning-P3/data/correcting/IMG/left_2017_09_24_15_43_26_340.jpg,/Users/Jason/CarND/CarND-Behavioral-Cloning-P3/data/correcting/IMG/right_2017_09_24_15_43_26_340.jpg,0.322003,0.903084,0,4.275094
/Users/Jason/CarND/CarND-Behavioral-Cloning-P3/data/correcting/IMG/center_2017_09_24_15_43_26_410.jpg,/Users/Jason/CarND/CarND-Behavioral-Cloning-P3/data/correcting/IMG/left_2017_09_24_15_43_26_410.jpg,/Users/Jason/CarND/CarND-Behavioral-Cloning-P3/data/correcting/IMG/right_2017_09_24_15_43_26_410.jpg,0.08330804,1,0,5.194343
/Users/Jason/CarND/CarND-Behavioral-Cloning-P3/data/correcting/IMG/center_2017_09_24_15_43_26_479.jpg,/Users/Jason/CarND/CarND-Behavioral-Cloning-P3/data/correcting/IMG/left_2017_09_24_15_43_26_479.jpg,/Users/Jason/CarND/CarND-Behavioral-Cloning-P3/data/correcting/IMG/right_2017_09_24_15_43_26_479.jpg,0,1,0,5.885061
/Users/Jason/CarND/CarND-Behavioral-Cloning-P3/data/correcting/IMG/center_2017_09_24_15_43_26_549.jpg,/Users/Jason/CarND/CarND-Behavioral-Cloning-P3/data/correcting/IMG/left_2017_09_24_15_43_26_549.jpg,/Users/Jason/CarND/CarND-Behavioral-Cloning-P3/data/correcting/IMG/right_2017_09_24_15_43_26_549.jpg,0,1,0,6.803638
/Users/Jason/CarND/CarND-Behavioral-Cloning-P3/data/correcting/IMG/center_2017_09_24_15_43_26_617.jpg,/Users/Jason/CarND/CarND-Behavioral-Cloning-P3/data/correcting/IMG/left_2017_09_24_15_43_26_617.jpg,/Users/Jason/CarND/CarND-Behavioral-Cloning-P3/data/correcting/IMG/right_2017_09_24_15_43_26_617.jpg,0,1,0,7.488105
/Users/Jason/CarND/CarND-Behavioral-Cloning-P3/data/correcting/IMG/center_2017_09_24_15_43_26_689.jpg,/Users/Jason/CarND/CarND-Behavioral-Cloning-P3/data/correcting/IMG/left_2017_09_24_15_43_26_689.jpg,/Users/Jason/CarND/CarND-Behavioral-Cloning-P3/data/correcting/IMG/right_2017_09_24_15_43_26_689.jpg,0,1,0,8.394535
/Users/Jason/CarND/CarND-Behavioral-Cloning-P3/data/correcting/IMG/center_2017_09_24_15_43_26_757.jpg,/Users/Jason/CarND/CarND-Behavioral-Cloning-P3/data/correcting/IMG/left_2017_09_24_15_43_26_757.jpg,/Users/Jason/CarND/CarND-Behavioral-Cloning-P3/data/correcting/IMG/right_2017_09_24_15_43_26_757.jpg,0,1,0,9.069713
/Users/Jason/CarND/CarND-Behavioral-Cloning-P3/data/correcting/IMG/center_2017_09_24_15_43_26_828.jpg,/Users/Jason/CarND/CarND-Behavioral-Cloning-P3/data/correcting/IMG/left_2017_09_24_15_43_26_828.jpg,/Users/Jason/CarND/CarND-Behavioral-Cloning-P3/data/correcting/IMG/right_2017_09_24_15_43_26_828.jpg,0,1,0,9.963782
/Users/Jason/CarND/CarND-Behavioral-Cloning-P3/data/correcting/IMG/center_2017_09_24_15_43_26_896.jpg,/Users/Jason/CarND/CarND-Behavioral-Cloning-P3/data/correcting/IMG/left_2017_09_24_15_43_26_896.jpg,/Users/Jason/CarND/CarND-Behavioral-Cloning-P3/data/correcting/IMG/right_2017_09_24_15_43_26_896.jpg,0,1,0,10.6297
/Users/Jason/CarND/CarND-Behavioral-Cloning-P3/data/correcting/IMG/center_2017_09_24_15_43_26_965.jpg,/Users/Jason/CarND/CarND-Behavioral-Cloning-P3/data/correcting/IMG/left_2017_09_24_15_43_26_965.jpg,/Users/Jason/CarND/CarND-Behavioral-Cloning-P3/data/correcting/IMG/right_2017_09_24_15_43_26_965.jpg,0,1,0,11.6102
/Users/Jason/CarND/CarND-Behavioral-Cloning-P3/data/correcting/IMG/center_2017_09_24_15_43_27_037.jpg,/Users/Jason/CarND/CarND-Behavioral-Cloning-P3/data/correcting/IMG/left_2017_09_24_15_43_27_037.jpg,/Users/Jason/CarND/CarND-Behavioral-Cloning-P3/data/correcting/IMG/right_2017_09_24_15_43_27_037.jpg,0.1,1,0,11.9178
/Users/Jason/CarND/CarND-Behavioral-Cloning-P3/data/correcting/IMG/center_2017_09_24_15_43_27_106.jpg,/Users/Jason/CarND/CarND-Behavioral-Cloning-P3/data/correcting/IMG/left_2017_09_24_15_43_27_106.jpg,/Users/Jason/CarND/CarND-Behavioral-Cloning-P3/data/correcting/IMG/right_2017_09_24_15_43_27_106.jpg,0.2518709,1,0,13.03451
/Users/Jason/CarND/CarND-Behavioral-Cloning-P3/data/correcting/IMG/center_2017_09_24_15_43_27_176.jpg,/Users/Jason/CarND/CarND-Behavioral-Cloning-P3/data/correcting/IMG/left_2017_09_24_15_43_27_176.jpg,/Users/Jason/CarND/CarND-Behavioral-Cloning-P3/data/correcting/IMG/right_2017_09_24_15_43_27_176.jpg,0.07659888,1,0,13.72517
/Users/Jason/CarND/CarND-Behavioral-Cloning-P3/data/correcting/IMG/center_2017_09_24_15_43_27_245.jpg,/Users/Jason/CarND/CarND-Behavioral-Cloning-P3/data/correcting/IMG/left_2017_09_24_15_43_27_245.jpg,/Users/Jason/CarND/CarND-Behavioral-Cloning-P3/data/correcting/IMG/right_2017_09_24_15_43_27_245.jpg,0,1,0,14.50874
/Users/Jason/CarND/CarND-Behavioral-Cloning-P3/data/correcting/IMG/center_2017_09_24_15_43_27_313.jpg,/Users/Jason/CarND/CarND-Behavioral-Cloning-P3/data/correcting/IMG/left_2017_09_24_15_43_27_313.jpg,/Users/Jason/CarND/CarND-Behavioral-Cloning-P3/data/correcting/IMG/right_2017_09_24_15_43_27_313.jpg,0,1,0,15.14732
/Users/Jason/CarND/CarND-Behavioral-Cloning-P3/data/correcting/IMG/center_2017_09_24_15_43_27_383.jpg,/Users/Jason/CarND/CarND-Behavioral-Cloning-P3/data/correcting/IMG/left_2017_09_24_15_43_27_383.jpg,/Users/Jason/CarND/CarND-Behavioral-Cloning-P3/data/correcting/IMG/right_2017_09_24_15_43_27_383.jpg,0,1,0,15.70611
/Users/Jason/CarND/CarND-Behavioral-Cloning-P3/data/correcting/IMG/center_2017_09_24_15_43_27_454.jpg,/Users/Jason/CarND/CarND-Behavioral-Cloning-P3/data/correcting/IMG/left_2017_09_24_15_43_27_454.jpg,/Users/Jason/CarND/CarND-Behavioral-Cloning-P3/data/correcting/IMG/right_2017_09_24_15_43_27_454.jpg,0,1,0,16.07852
/Users/Jason/CarND/CarND-Behavioral-Cloning-P3/data/correcting/IMG/center_2017_09_24_15_43_27_526.jpg,/Users/Jason/CarND/CarND-Behavioral-Cloning-P3/data/correcting/IMG/left_2017_09_24_15_43_27_526.jpg,/Users/Jason/CarND/CarND-Behavioral-Cloning-P3/data/correcting/IMG/right_2017_09_24_15_43_27_526.jpg,0,1,0,17.46888
/Users/Jason/CarND/CarND-Behavioral-Cloning-P3/data/correcting/IMG/center_2017_09_24_15_43_27_593.jpg,/Users/Jason/CarND/CarND-Behavioral-Cloning-P3/data/correcting/IMG/left_2017_09_24_15_43_27_593.jpg,/Users/Jason/CarND/CarND-Behavioral-Cloning-P3/data/correcting/IMG/right_2017_09_24_15_43_27_593.jpg,0,1,0,18.16527
/Users/Jason/CarND/CarND-Behavioral-Cloning-P3/data/correcting/IMG/center_2017_09_24_15_43_27_660.jpg,/Users/Jason/CarND/CarND-Behavioral-Cloning-P3/data/correcting/IMG/left_2017_09_24_15_43_27_660.jpg,/Users/Jason/CarND/CarND-Behavioral-Cloning-P3/data/correcting/IMG/right_2017_09_24_15_43_27_660.jpg,0,1,0,18.70066
/Users/Jason/CarND/CarND-Behavioral-Cloning-P3/data/correcting/IMG/center_2017_09_24_15_43_27_733.jpg,/Users/Jason/CarND/CarND-Behavioral-Cloning-P3/data/correcting/IMG/left_2017_09_24_15_43_27_733.jpg,/Users/Jason/CarND/CarND-Behavioral-Cloning-P3/data/correcting/IMG/right_2017_09_24_15_43_27_733.jpg,0,1,0,19.37683
/Users/Jason/CarND/CarND-Behavioral-Cloning-P3/data/correcting/IMG/center_2017_09_24_15_43_27_802.jpg,/Users/Jason/CarND/CarND-Behavioral-Cloning-P3/data/correcting/IMG/left_2017_09_24_15_43_27_802.jpg,/Users/Jason/CarND/CarND-Behavioral-Cloning-P3/data/correcting/IMG/right_2017_09_24_15_43_27_802.jpg,0,1,0,19.75384
/Users/Jason/CarND/CarND-Behavioral-Cloning-P3/data/correcting/IMG/center_2017_09_24_15_43_27_869.jpg,/Users/Jason/CarND/CarND-Behavioral-Cloning-P3/data/correcting/IMG/left_2017_09_24_15_43_27_869.jpg,/Users/Jason/CarND/CarND-Behavioral-Cloning-P3/data/correcting/IMG/right_2017_09_24_15_43_27_869.jpg,0,1,0,20.40513
/Users/Jason/CarND/CarND-Behavioral-Cloning-P3/data/correcting/IMG/center_2017_09_24_15_43_27_939.jpg,/Users/Jason/CarND/CarND-Behavioral-Cloning-P3/data/correcting/IMG/left_2017_09_24_15_43_27_939.jpg,/Users/Jason/CarND/CarND-Behavioral-Cloning-P3/data/correcting/IMG/right_2017_09_24_15_43_27_939.jpg,0,1,0,21.18791
/Users/Jason/CarND/CarND-Behavioral-Cloning-P3/data/correcting/IMG/center_2017_09_24_15_43_28_010.jpg,/Users/Jason/CarND/CarND-Behavioral-Cloning-P3/data/correcting/IMG/left_2017_09_24_15_43_28_010.jpg,/Users/Jason/CarND/CarND-Behavioral-Cloning-P3/data/correcting/IMG/right_2017_09_24_15_43_28_010.jpg,0,1,0,22.2737
/Users/Jason/CarND/CarND-Behavioral-Cloning-P3/data/correcting/IMG/center_2017_09_24_15_43_28_078.jpg,/Users/Jason/CarND/CarND-Behavioral-Cloning-P3/data/correcting/IMG/left_2017_09_24_15_43_28_078.jpg,/Users/Jason/CarND/CarND-Behavioral-Cloning-P3/data/correcting/IMG/right_2017_09_24_15_43_28_078.jpg,0,1,0,22.86542
/Users/Jason/CarND/CarND-Behavioral-Cloning-P3/data/correcting/IMG/center_2017_09_24_15_43_28_150.jpg,/Users/Jason/CarND/CarND-Behavioral-Cloning-P3/data/correcting/IMG/left_2017_09_24_15_43_28_150.jpg,/Users/Jason/CarND/CarND-Behavioral-Cloning-P3/data/correcting/IMG/right_2017_09_24_15_43_28_150.jpg,0,0.917023,0,23.63432
/Users/Jason/CarND/CarND-Behavioral-Cloning-P3/data/correcting/IMG/center_2017_09_24_15_43_28_217.jpg,/Users/Jason/CarND/CarND-Behavioral-Cloning-P3/data/correcting/IMG/left_2017_09_24_15_43_28_217.jpg,/Users/Jason/CarND/CarND-Behavioral-Cloning-P3/data/correcting/IMG/right_2017_09_24_15_43_28_217.jpg,0,0.730963,0,24.09533
/Users/Jason/CarND/CarND-Behavioral-Cloning-P3/data/correcting/IMG/center_2017_09_24_15_43_28_285.jpg,/Users/Jason/CarND/CarND-Behavioral-Cloning-P3/data/correcting/IMG/left_2017_09_24_15_43_28_285.jpg,/Users/Jason/CarND/CarND-Behavioral-Cloning-P3/data/correcting/IMG/right_2017_09_24_15_43_28_285.jpg,0,0.49438,0,24.5067
/Users/Jason/CarND/CarND-Behavioral-Cloning-P3/data/correcting/IMG/center_2017_09_24_15_43_28_382.jpg,/Users/Jason/CarND/CarND-Behavioral-Cloning-P3/data/correcting/IMG/left_2017_09_24_15_43_28_382.jpg,/Users/Jason/CarND/CarND-Behavioral-Cloning-P3/data/correcting/IMG/right_2017_09_24_15_43_28_382.jpg,0,0.313666,0,24.65185
/Users/Jason/CarND/CarND-Behavioral-Cloning-P3/data/correcting/IMG/center_2017_09_24_15_43_35_349.jpg,/Users/Jason/CarND/CarND-Behavioral-Cloning-P3/data/correcting/IMG/left_2017_09_24_15_43_35_349.jpg,/Users/Jason/CarND/CarND-Behavioral-Cloning-P3/data/correcting/IMG/right_2017_09_24_15_43_35_349.jpg,0,0,0,3.281846
/Users/Jason/CarND/CarND-Behavioral-Cloning-P3/data/correcting/IMG/center_2017_09_24_15_43_35_420.jpg,/Users/Jason/CarND/CarND-Behavioral-Cloning-P3/data/correcting/IMG/left_2017_09_24_15_43_35_420.jpg,/Users/Jason/CarND/CarND-Behavioral-Cloning-P3/data/correcting/IMG/right_2017_09_24_15_43_35_420.jpg,0,0,0,3.260077
/Users/Jason/CarND/CarND-Behavioral-Cloning-P3/data/correcting/IMG/center_2017_09_24_15_43_35_487.jpg,/Users/Jason/CarND/CarND-Behavioral-Cloning-P3/data/correcting/IMG/left_2017_09_24_15_43_35_487.jpg,/Users/Jason/CarND/CarND-Behavioral-Cloning-P3/data/correcting/IMG/right_2017_09_24_15_43_35_487.jpg,0,0,0,3.231256
/Users/Jason/CarND/CarND-Behavioral-Cloning-P3/data/correcting/IMG/center_2017_09_24_15_43_35_555.jpg,/Users/Jason/CarND/CarND-Behavioral-Cloning-P3/data/correcting/IMG/left_2017_09_24_15_43_35_555.jpg,/Users/Jason/CarND/CarND-Behavioral-Cloning-P3/data/correcting/IMG/right_2017_09_24_15_43_35_555.jpg,0,0,0,3.209792
/Users/Jason/CarND/CarND-Behavioral-Cloning-P3/data/correcting/IMG/center_2017_09_24_15_43_35_623.jpg,/Users/Jason/CarND/CarND-Behavioral-Cloning-P3/data/correcting/IMG/left_2017_09_24_15_43_35_623.jpg,/Users/Jason/CarND/CarND-Behavioral-Cloning-P3/data/correcting/IMG/right_2017_09_24_15_43_35_623.jpg,0,0,0,3.181375
/Users/Jason/CarND/CarND-Behavioral-Cloning-P3/data/correcting/IMG/center_2017_09_24_15_43_35_692.jpg,/Users/Jason/CarND/CarND-Behavioral-Cloning-P3/data/correcting/IMG/left_2017_09_24_15_43_35_692.jpg,/Users/Jason/CarND/CarND-Behavioral-Cloning-P3/data/correcting/IMG/right_2017_09_24_15_43_35_692.jpg,0,0,0,3.160211
/Users/Jason/CarND/CarND-Behavioral-Cloning-P3/data/correcting/IMG/center_2017_09_24_15_43_35_761.jpg,/Users/Jason/CarND/CarND-Behavioral-Cloning-P3/data/correcting/IMG/left_2017_09_24_15_43_35_761.jpg,/Users/Jason/CarND/CarND-Behavioral-Cloning-P3/data/correcting/IMG/right_2017_09_24_15_43_35_761.jpg,0,0.05462998,0,3.14301
/Users/Jason/CarND/CarND-Behavioral-Cloning-P3/data/correcting/IMG/center_2017_09_24_15_43_35_832.jpg,/Users/Jason/CarND/CarND-Behavioral-Cloning-P3/data/correcting/IMG/left_2017_09_24_15_43_35_832.jpg,/Users/Jason/CarND/CarND-Behavioral-Cloning-P3/data/correcting/IMG/right_2017_09_24_15_43_35_832.jpg,0,0.251274,0,3.262728
/Users/Jason/CarND/CarND-Behavioral-Cloning-P3/data/correcting/IMG/center_2017_09_24_15_43_35_903.jpg,/Users/Jason/CarND/CarND-Behavioral-Cloning-P3/data/correcting/IMG/left_2017_09_24_15_43_35_903.jpg,/Users/Jason/CarND/CarND-Behavioral-Cloning-P3/data/correcting/IMG/right_2017_09_24_15_43_35_903.jpg,0,0.478833,0,3.602637
/Users/Jason/CarND/CarND-Behavioral-Cloning-P3/data/correcting/IMG/center_2017_09_24_15_43_35_971.jpg,/Users/Jason/CarND/CarND-Behavioral-Cloning-P3/data/correcting/IMG/left_2017_09_24_15_43_35_971.jpg,/Users/Jason/CarND/CarND-Behavioral-Cloning-P3/data/correcting/IMG/right_2017_09_24_15_43_35_971.jpg,0,0.66507,0,4.008237
/Users/Jason/CarND/CarND-Behavioral-Cloning-P3/data/correcting/IMG/center_2017_09_24_15_43_36_040.jpg,/Users/Jason/CarND/CarND-Behavioral-Cloning-P3/data/correcting/IMG/left_2017_09_24_15_43_36_040.jpg,/Users/Jason/CarND/CarND-Behavioral-Cloning-P3/data/correcting/IMG/right_2017_09_24_15_43_36_040.jpg,0,0.838191,0,4.541103
/Users/Jason/CarND/CarND-Behavioral-Cloning-P3/data/correcting/IMG/center_2017_09_24_15_43_36_110.jpg,/Users/Jason/CarND/CarND-Behavioral-Cloning-P3/data/correcting/IMG/left_2017_09_24_15_43_36_110.jpg,/Users/Jason/CarND/CarND-Behavioral-Cloning-P3/data/correcting/IMG/right_2017_09_24_15_43_36_110.jpg,0,1,0,5.428403
/Users/Jason/CarND/CarND-Behavioral-Cloning-P3/data/correcting/IMG/center_2017_09_24_15_43_36_179.jpg,/Users/Jason/CarND/CarND-Behavioral-Cloning-P3/data/correcting/IMG/left_2017_09_24_15_43_36_179.jpg,/Users/Jason/CarND/CarND-Behavioral-Cloning-P3/data/correcting/IMG/right_2017_09_24_15_43_36_179.jpg,-0.05,1,0,6.118548
/Users/Jason/CarND/CarND-Behavioral-Cloning-P3/data/correcting/IMG/center_2017_09_24_15_43_36_250.jpg,/Users/Jason/CarND/CarND-Behavioral-Cloning-P3/data/correcting/IMG/left_2017_09_24_15_43_36_250.jpg,/Users/Jason/CarND/CarND-Behavioral-Cloning-P3/data/correcting/IMG/right_2017_09_24_15_43_36_250.jpg,-0.25,1,0,7.020491
/Users/Jason/CarND/CarND-Behavioral-Cloning-P3/data/correcting/IMG/center_2017_09_24_15_43_36_327.jpg,/Users/Jason/CarND/CarND-Behavioral-Cloning-P3/data/correcting/IMG/left_2017_09_24_15_43_36_327.jpg,/Users/Jason/CarND/CarND-Behavioral-Cloning-P3/data/correcting/IMG/right_2017_09_24_15_43_36_327.jpg,-0.45,1,0,7.894442
/Users/Jason/CarND/CarND-Behavioral-Cloning-P3/data/correcting/IMG/center_2017_09_24_15_43_36_399.jpg,/Users/Jason/CarND/CarND-Behavioral-Cloning-P3/data/correcting/IMG/left_2017_09_24_15_43_36_399.jpg,/Users/Jason/CarND/CarND-Behavioral-Cloning-P3/data/correcting/IMG/right_2017_09_24_15_43_36_399.jpg,-0.6000001,1,0,8.52927
/Users/Jason/CarND/CarND-Behavioral-Cloning-P3/data/correcting/IMG/center_2017_09_24_15_43_36_468.jpg,/Users/Jason/CarND/CarND-Behavioral-Cloning-P3/data/correcting/IMG/left_2017_09_24_15_43_36_468.jpg,/Users/Jason/CarND/CarND-Behavioral-Cloning-P3/data/correcting/IMG/right_2017_09_24_15_43_36_468.jpg,-0.6485669,1,0,9.360293
/Users/Jason/CarND/CarND-Behavioral-Cloning-P3/data/correcting/IMG/center_2017_09_24_15_43_36_538.jpg,/Users/Jason/CarND/CarND-Behavioral-Cloning-P3/data/correcting/IMG/left_2017_09_24_15_43_36_538.jpg,/Users/Jason/CarND/CarND-Behavioral-Cloning-P3/data/correcting/IMG/right_2017_09_24_15_43_36_538.jpg,-0.4652849,1,0,10.03573
/Users/Jason/CarND/CarND-Behavioral-Cloning-P3/data/correcting/IMG/center_2017_09_24_15_43_36_605.jpg,/Users/Jason/CarND/CarND-Behavioral-Cloning-P3/data/correcting/IMG/left_2017_09_24_15_43_36_605.jpg,/Users/Jason/CarND/CarND-Behavioral-Cloning-P3/data/correcting/IMG/right_2017_09_24_15_43_36_605.jpg,-0.2189698,1,0,10.92956
/Users/Jason/CarND/CarND-Behavioral-Cloning-P3/data/correcting/IMG/center_2017_09_24_15_43_36_672.jpg,/Users/Jason/CarND/CarND-Behavioral-Cloning-P3/data/correcting/IMG/left_2017_09_24_15_43_36_672.jpg,/Users/Jason/CarND/CarND-Behavioral-Cloning-P3/data/correcting/IMG/right_2017_09_24_15_43_36_672.jpg,-0.03533095,1,0,11.67913
/Users/Jason/CarND/CarND-Behavioral-Cloning-P3/data/correcting/IMG/center_2017_09_24_15_43_36_740.jpg,/Users/Jason/CarND/CarND-Behavioral-Cloning-P3/data/correcting/IMG/left_2017_09_24_15_43_36_740.jpg,/Users/Jason/CarND/CarND-Behavioral-Cloning-P3/data/correcting/IMG/right_2017_09_24_15_43_36_740.jpg,0,1,0,12.0296
/Users/Jason/CarND/CarND-Behavioral-Cloning-P3/data/correcting/IMG/center_2017_09_24_15_43_36_809.jpg,/Users/Jason/CarND/CarND-Behavioral-Cloning-P3/data/correcting/IMG/left_2017_09_24_15_43_36_809.jpg,/Users/Jason/CarND/CarND-Behavioral-Cloning-P3/data/correcting/IMG/right_2017_09_24_15_43_36_809.jpg,0,1,0,12.83744
/Users/Jason/CarND/CarND-Behavioral-Cloning-P3/data/correcting/IMG/center_2017_09_24_15_43_36_879.jpg,/Users/Jason/CarND/CarND-Behavioral-Cloning-P3/data/correcting/IMG/left_2017_09_24_15_43_36_879.jpg,/Users/Jason/CarND/CarND-Behavioral-Cloning-P3/data/correcting/IMG/right_2017_09_24_15_43_36_879.jpg,0,1,0,13.74777
/Users/Jason/CarND/CarND-Behavioral-Cloning-P3/data/correcting/IMG/center_2017_09_24_15_43_36_950.jpg,/Users/Jason/CarND/CarND-Behavioral-Cloning-P3/data/correcting/IMG/left_2017_09_24_15_43_36_950.jpg,/Users/Jason/CarND/CarND-Behavioral-Cloning-P3/data/correcting/IMG/right_2017_09_24_15_43_36_950.jpg,0,1,0,14.64563
/Users/Jason/CarND/CarND-Behavioral-Cloning-P3/data/correcting/IMG/center_2017_09_24_15_43_37_017.jpg,/Users/Jason/CarND/CarND-Behavioral-Cloning-P3/data/correcting/IMG/left_2017_09_24_15_43_37_017.jpg,/Users/Jason/CarND/CarND-Behavioral-Cloning-P3/data/correcting/IMG/right_2017_09_24_15_43_37_017.jpg,-0.1,1,0,15.17875
/Users/Jason/CarND/CarND-Behavioral-Cloning-P3/data/correcting/IMG/center_2017_09_24_15_43_37_086.jpg,/Users/Jason/CarND/CarND-Behavioral-Cloning-P3/data/correcting/IMG/left_2017_09_24_15_43_37_086.jpg,/Users/Jason/CarND/CarND-Behavioral-Cloning-P3/data/correcting/IMG/right_2017_09_24_15_43_37_086.jpg,-0.3,1,0,16.00458
/Users/Jason/CarND/CarND-Behavioral-Cloning-P3/data/correcting/IMG/center_2017_09_24_15_43_37_158.jpg,/Users/Jason/CarND/CarND-Behavioral-Cloning-P3/data/correcting/IMG/left_2017_09_24_15_43_37_158.jpg,/Users/Jason/CarND/CarND-Behavioral-Cloning-P3/data/correcting/IMG/right_2017_09_24_15_43_37_158.jpg,-0.2397392,1,0,16.65888
/Users/Jason/CarND/CarND-Behavioral-Cloning-P3/data/correcting/IMG/center_2017_09_24_15_43_37_225.jpg,/Users/Jason/CarND/CarND-Behavioral-Cloning-P3/data/correcting/IMG/left_2017_09_24_15_43_37_225.jpg,/Users/Jason/CarND/CarND-Behavioral-Cloning-P3/data/correcting/IMG/right_2017_09_24_15_43_37_225.jpg,-0.002451181,1,0,17.48875
/Users/Jason/CarND/CarND-Behavioral-Cloning-P3/data/correcting/IMG/center_2017_09_24_15_43_37_292.jpg,/Users/Jason/CarND/CarND-Behavioral-Cloning-P3/data/correcting/IMG/left_2017_09_24_15_43_37_292.jpg,/Users/Jason/CarND/CarND-Behavioral-Cloning-P3/data/correcting/IMG/right_2017_09_24_15_43_37_292.jpg,0,1,0,18.06561
/Users/Jason/CarND/CarND-Behavioral-Cloning-P3/data/correcting/IMG/center_2017_09_24_15_43_37_363.jpg,/Users/Jason/CarND/CarND-Behavioral-Cloning-P3/data/correcting/IMG/left_2017_09_24_15_43_37_363.jpg,/Users/Jason/CarND/CarND-Behavioral-Cloning-P3/data/correcting/IMG/right_2017_09_24_15_43_37_363.jpg,0,1,0,18.89634
/Users/Jason/CarND/CarND-Behavioral-Cloning-P3/data/correcting/IMG/center_2017_09_24_15_43_37_433.jpg,/Users/Jason/CarND/CarND-Behavioral-Cloning-P3/data/correcting/IMG/left_2017_09_24_15_43_37_433.jpg,/Users/Jason/CarND/CarND-Behavioral-Cloning-P3/data/correcting/IMG/right_2017_09_24_15_43_37_433.jpg,0,1,0,19.52437
/Users/Jason/CarND/CarND-Behavioral-Cloning-P3/data/correcting/IMG/center_2017_09_24_15_43_37_503.jpg,/Users/Jason/CarND/CarND-Behavioral-Cloning-P3/data/correcting/IMG/left_2017_09_24_15_43_37_503.jpg,/Users/Jason/CarND/CarND-Behavioral-Cloning-P3/data/correcting/IMG/right_2017_09_24_15_43_37_503.jpg,0,1,0,20.33262
/Users/Jason/CarND/CarND-Behavioral-Cloning-P3/data/correcting/IMG/center_2017_09_24_15_43_37_575.jpg,/Users/Jason/CarND/CarND-Behavioral-Cloning-P3/data/correcting/IMG/left_2017_09_24_15_43_37_575.jpg,/Users/Jason/CarND/CarND-Behavioral-Cloning-P3/data/correcting/IMG/right_2017_09_24_15_43_37_575.jpg,0,0.871294,0,20.89683
/Users/Jason/CarND/CarND-Behavioral-Cloning-P3/data/correcting/IMG/center_2017_09_24_15_43_37_643.jpg,/Users/Jason/CarND/CarND-Behavioral-Cloning-P3/data/correcting/IMG/left_2017_09_24_15_43_37_643.jpg,/Users/Jason/CarND/CarND-Behavioral-Cloning-P3/data/correcting/IMG/right_2017_09_24_15_43_37_643.jpg,0,0.6328329,0,21.45591
/Users/Jason/CarND/CarND-Behavioral-Cloning-P3/data/correcting/IMG/center_2017_09_24_15_43_37_711.jpg,/Users/Jason/CarND/CarND-Behavioral-Cloning-P3/data/correcting/IMG/left_2017_09_24_15_43_37_711.jpg,/Users/Jason/CarND/CarND-Behavioral-Cloning-P3/data/correcting/IMG/right_2017_09_24_15_43_37_711.jpg,0,0.4428789,0,21.72442
/Users/Jason/CarND/CarND-Behavioral-Cloning-P3/data/correcting/IMG/center_2017_09_24_15_43_37_784.jpg,/Users/Jason/CarND/CarND-Behavioral-Cloning-P3/data/correcting/IMG/left_2017_09_24_15_43_37_784.jpg,/Users/Jason/CarND/CarND-Behavioral-Cloning-P3/data/correcting/IMG/right_2017_09_24_15_43_37_784.jpg,0,0.2102019,0,21.86955
/Users/Jason/CarND/CarND-Behavioral-Cloning-P3/data/correcting/IMG/center_2017_09_24_15_43_37_852.jpg,/Users/Jason/CarND/CarND-Behavioral-Cloning-P3/data/correcting/IMG/left_2017_09_24_15_43_37_852.jpg,/Users/Jason/CarND/CarND-Behavioral-Cloning-P3/data/correcting/IMG/right_2017_09_24_15_43_37_852.jpg,-0.15,0.02515292,0,21.79287
/Users/Jason/CarND/CarND-Behavioral-Cloning-P3/data/correcting/IMG/center_2017_09_24_15_43_37_920.jpg,/Users/Jason/CarND/CarND-Behavioral-Cloning-P3/data/correcting/IMG/left_2017_09_24_15_43_37_920.jpg,/Users/Jason/CarND/CarND-Behavioral-Cloning-P3/data/correcting/IMG/right_2017_09_24_15_43_37_920.jpg,-0.3311219,0,0,21.65007
/Users/Jason/CarND/CarND-Behavioral-Cloning-P3/data/correcting/IMG/center_2017_09_24_15_43_37_988.jpg,/Users/Jason/CarND/CarND-Behavioral-Cloning-P3/data/correcting/IMG/left_2017_09_24_15_43_37_988.jpg,/Users/Jason/CarND/CarND-Behavioral-Cloning-P3/data/correcting/IMG/right_2017_09_24_15_43_37_988.jpg,-0.1084709,0,0,21.48673
/Users/Jason/CarND/CarND-Behavioral-Cloning-P3/data/correcting/IMG/center_2017_09_24_15_43_38_057.jpg,/Users/Jason/CarND/CarND-Behavioral-Cloning-P3/data/correcting/IMG/left_2017_09_24_15_43_38_057.jpg,/Users/Jason/CarND/CarND-Behavioral-Cloning-P3/data/correcting/IMG/right_2017_09_24_15_43_38_057.jpg,0,0,0,21.23043
/Users/Jason/CarND/CarND-Behavioral-Cloning-P3/data/correcting/IMG/center_2017_09_24_15_43_38_125.jpg,/Users/Jason/CarND/CarND-Behavioral-Cloning-P3/data/correcting/IMG/left_2017_09_24_15_43_38_125.jpg,/Users/Jason/CarND/CarND-Behavioral-Cloning-P3/data/correcting/IMG/right_2017_09_24_15_43_38_125.jpg,0,0,0,21.05103
/Users/Jason/CarND/CarND-Behavioral-Cloning-P3/data/correcting/IMG/center_2017_09_24_15_43_38_196.jpg,/Users/Jason/CarND/CarND-Behavioral-Cloning-P3/data/correcting/IMG/left_2017_09_24_15_43_38_196.jpg,/Users/Jason/CarND/CarND-Behavioral-Cloning-P3/data/correcting/IMG/right_2017_09_24_15_43_38_196.jpg,0,0,0,21.06443
/Users/Jason/CarND/CarND-Behavioral-Cloning-P3/data/correcting/IMG/center_2017_09_24_15_43_38_270.jpg,/Users/Jason/CarND/CarND-Behavioral-Cloning-P3/data/correcting/IMG/left_2017_09_24_15_43_38_270.jpg,/Users/Jason/CarND/CarND-Behavioral-Cloning-P3/data/correcting/IMG/right_2017_09_24_15_43_38_270.jpg,0,0,0,20.89737
/Users/Jason/CarND/CarND-Behavioral-Cloning-P3/data/correcting/IMG/center_2017_09_24_15_43_38_348.jpg,/Users/Jason/CarND/CarND-Behavioral-Cloning-P3/data/correcting/IMG/left_2017_09_24_15_43_38_348.jpg,/Users/Jason/CarND/CarND-Behavioral-Cloning-P3/data/correcting/IMG/right_2017_09_24_15_43_38_348.jpg,0,0,0,20.73211
/Users/Jason/CarND/CarND-Behavioral-Cloning-P3/data/correcting/IMG/center_2017_09_24_15_43_38_418.jpg,/Users/Jason/CarND/CarND-Behavioral-Cloning-P3/data/correcting/IMG/left_2017_09_24_15_43_38_418.jpg,/Users/Jason/CarND/CarND-Behavioral-Cloning-P3/data/correcting/IMG/right_2017_09_24_15_43_38_418.jpg,0,0,0,20.44337
/Users/Jason/CarND/CarND-Behavioral-Cloning-P3/data/correcting/IMG/center_2017_09_24_15_43_38_487.jpg,/Users/Jason/CarND/CarND-Behavioral-Cloning-P3/data/correcting/IMG/left_2017_09_24_15_43_38_487.jpg,/Users/Jason/CarND/CarND-Behavioral-Cloning-P3/data/correcting/IMG/right_2017_09_24_15_43_38_487.jpg,0,0,0,20.26746
/Users/Jason/CarND/CarND-Behavioral-Cloning-P3/data/correcting/IMG/center_2017_09_24_15_43_38_554.jpg,/Users/Jason/CarND/CarND-Behavioral-Cloning-P3/data/correcting/IMG/left_2017_09_24_15_43_38_554.jpg,/Users/Jason/CarND/CarND-Behavioral-Cloning-P3/data/correcting/IMG/right_2017_09_24_15_43_38_554.jpg,0,0,0,20.34301
/Users/Jason/CarND/CarND-Behavioral-Cloning-P3/data/correcting/IMG/center_2017_09_24_15_43_38_623.jpg,/Users/Jason/CarND/CarND-Behavioral-Cloning-P3/data/correcting/IMG/left_2017_09_24_15_43_38_623.jpg,/Users/Jason/CarND/CarND-Behavioral-Cloning-P3/data/correcting/IMG/right_2017_09_24_15_43_38_623.jpg,0.05,0,0,20.21801
/Users/Jason/CarND/CarND-Behavioral-Cloning-P3/data/correcting/IMG/center_2017_09_24_15_43_38_696.jpg,/Users/Jason/CarND/CarND-Behavioral-Cloning-P3/data/correcting/IMG/left_2017_09_24_15_43_38_696.jpg,/Users/Jason/CarND/CarND-Behavioral-Cloning-P3/data/correcting/IMG/right_2017_09_24_15_43_38_696.jpg,0.2,0,0,19.75395
/Users/Jason/CarND/CarND-Behavioral-Cloning-P3/data/correcting/IMG/center_2017_09_24_15_43_38_769.jpg,/Users/Jason/CarND/CarND-Behavioral-Cloning-P3/data/correcting/IMG/left_2017_09_24_15_43_38_769.jpg,/Users/Jason/CarND/CarND-Behavioral-Cloning-P3/data/correcting/IMG/right_2017_09_24_15_43_38_769.jpg,0.001371145,0,0,19.57651
/Users/Jason/CarND/CarND-Behavioral-Cloning-P3/data/correcting/IMG/center_2017_09_24_15_43_38_836.jpg,/Users/Jason/CarND/CarND-Behavioral-Cloning-P3/data/correcting/IMG/left_2017_09_24_15_43_38_836.jpg,/Users/Jason/CarND/CarND-Behavioral-Cloning-P3/data/correcting/IMG/right_2017_09_24_15_43_38_836.jpg,0,0,0,19.80644
/Users/Jason/CarND/CarND-Behavioral-Cloning-P3/data/correcting/IMG/center_2017_09_24_15_43_38_908.jpg,/Users/Jason/CarND/CarND-Behavioral-Cloning-P3/data/correcting/IMG/left_2017_09_24_15_43_38_908.jpg,/Users/Jason/CarND/CarND-Behavioral-Cloning-P3/data/correcting/IMG/right_2017_09_24_15_43_38_908.jpg,0,0,0,19.65499
/Users/Jason/CarND/CarND-Behavioral-Cloning-P3/data/correcting/IMG/center_2017_09_24_15_43_38_981.jpg,/Users/Jason/CarND/CarND-Behavioral-Cloning-P3/data/correcting/IMG/left_2017_09_24_15_43_38_981.jpg,/Users/Jason/CarND/CarND-Behavioral-Cloning-P3/data/correcting/IMG/right_2017_09_24_15_43_38_981.jpg,0,0,0,19.50722
/Users/Jason/CarND/CarND-Behavioral-Cloning-P3/data/correcting/IMG/center_2017_09_24_15_43_39_053.jpg,/Users/Jason/CarND/CarND-Behavioral-Cloning-P3/data/correcting/IMG/left_2017_09_24_15_43_39_053.jpg,/Users/Jason/CarND/CarND-Behavioral-Cloning-P3/data/correcting/IMG/right_2017_09_24_15_43_39_053.jpg,0,0,0,18.974
/Users/Jason/CarND/CarND-Behavioral-Cloning-P3/data/correcting/IMG/center_2017_09_24_15_43_39_126.jpg,/Users/Jason/CarND/CarND-Behavioral-Cloning-P3/data/correcting/IMG/left_2017_09_24_15_43_39_126.jpg,/Users/Jason/CarND/CarND-Behavioral-Cloning-P3/data/correcting/IMG/right_2017_09_24_15_43_39_126.jpg,0,0,0,18.80213
/Users/Jason/CarND/CarND-Behavioral-Cloning-P3/data/correcting/IMG/center_2017_09_24_15_43_39_194.jpg,/Users/Jason/CarND/CarND-Behavioral-Cloning-P3/data/correcting/IMG/left_2017_09_24_15_43_39_194.jpg,/Users/Jason/CarND/CarND-Behavioral-Cloning-P3/data/correcting/IMG/right_2017_09_24_15_43_39_194.jpg,0,0,0,19.14217
/Users/Jason/CarND/CarND-Behavioral-Cloning-P3/data/correcting/IMG/center_2017_09_24_15_43_39_265.jpg,/Users/Jason/CarND/CarND-Behavioral-Cloning-P3/data/correcting/IMG/left_2017_09_24_15_43_39_265.jpg,/Users/Jason/CarND/CarND-Behavioral-Cloning-P3/data/correcting/IMG/right_2017_09_24_15_43_39_265.jpg,0,0,0,18.99295
/Users/Jason/CarND/CarND-Behavioral-Cloning-P3/data/correcting/IMG/center_2017_09_24_15_43_39_336.jpg,/Users/Jason/CarND/CarND-Behavioral-Cloning-P3/data/correcting/IMG/left_2017_09_24_15_43_39_336.jpg,/Users/Jason/CarND/CarND-Behavioral-Cloning-P3/data/correcting/IMG/right_2017_09_24_15_43_39_336.jpg,0,0,0,18.39536
/Users/Jason/CarND/CarND-Behavioral-Cloning-P3/data/correcting/IMG/center_2017_09_24_15_43_39_407.jpg,/Users/Jason/CarND/CarND-Behavioral-Cloning-P3/data/correcting/IMG/left_2017_09_24_15_43_39_407.jpg,/Users/Jason/CarND/CarND-Behavioral-Cloning-P3/data/correcting/IMG/right_2017_09_24_15_43_39_407.jpg,0,0,0,18.23874
/Users/Jason/CarND/CarND-Behavioral-Cloning-P3/data/correcting/IMG/center_2017_09_24_15_43_39_507.jpg,/Users/Jason/CarND/CarND-Behavioral-Cloning-P3/data/correcting/IMG/left_2017_09_24_15_43_39_507.jpg,/Users/Jason/CarND/CarND-Behavioral-Cloning-P3/data/correcting/IMG/right_2017_09_24_15_43_39_507.jpg,0,0,0,18.54603
/Users/Jason/CarND/CarND-Behavioral-Cloning-P3/data/correcting/IMG/center_2017_09_24_15_43_39_641.jpg,/Users/Jason/CarND/CarND-Behavioral-Cloning-P3/data/correcting/IMG/left_2017_09_24_15_43_39_641.jpg,/Users/Jason/CarND/CarND-Behavioral-Cloning-P3/data/correcting/IMG/right_2017_09_24_15_43_39_641.jpg,0,0,0,18.03707
/Users/Jason/CarND/CarND-Behavioral-Cloning-P3/data/correcting/IMG/center_2017_09_24_15_43_45_295.jpg,/Users/Jason/CarND/CarND-Behavioral-Cloning-P3/data/correcting/IMG/left_2017_09_24_15_43_45_295.jpg,/Users/Jason/CarND/CarND-Behavioral-Cloning-P3/data/correcting/IMG/right_2017_09_24_15_43_45_295.jpg,0,0,0,8.174518
/Users/Jason/CarND/CarND-Behavioral-Cloning-P3/data/correcting/IMG/center_2017_09_24_15_43_45_362.jpg,/Users/Jason/CarND/CarND-Behavioral-Cloning-P3/data/correcting/IMG/left_2017_09_24_15_43_45_362.jpg,/Users/Jason/CarND/CarND-Behavioral-Cloning-P3/data/correcting/IMG/right_2017_09_24_15_43_45_362.jpg,0,0,0,8.1063
/Users/Jason/CarND/CarND-Behavioral-Cloning-P3/data/correcting/IMG/center_2017_09_24_15_43_45_433.jpg,/Users/Jason/CarND/CarND-Behavioral-Cloning-P3/data/correcting/IMG/left_2017_09_24_15_43_45_433.jpg,/Users/Jason/CarND/CarND-Behavioral-Cloning-P3/data/correcting/IMG/right_2017_09_24_15_43_45_433.jpg,0,0,0,8.055498
/Users/Jason/CarND/CarND-Behavioral-Cloning-P3/data/correcting/IMG/center_2017_09_24_15_43_45_505.jpg,/Users/Jason/CarND/CarND-Behavioral-Cloning-P3/data/correcting/IMG/left_2017_09_24_15_43_45_505.jpg,/Users/Jason/CarND/CarND-Behavioral-Cloning-P3/data/correcting/IMG/right_2017_09_24_15_43_45_505.jpg,-0.2,0,0,7.978832
/Users/Jason/CarND/CarND-Behavioral-Cloning-P3/data/correcting/IMG/center_2017_09_24_15_43_45_575.jpg,/Users/Jason/CarND/CarND-Behavioral-Cloning-P3/data/correcting/IMG/left_2017_09_24_15_43_45_575.jpg,/Users/Jason/CarND/CarND-Behavioral-Cloning-P3/data/correcting/IMG/right_2017_09_24_15_43_45_575.jpg,-0.35,0,0,7.90707
/Users/Jason/CarND/CarND-Behavioral-Cloning-P3/data/correcting/IMG/center_2017_09_24_15_43_45_646.jpg,/Users/Jason/CarND/CarND-Behavioral-Cloning-P3/data/correcting/IMG/left_2017_09_24_15_43_45_646.jpg,/Users/Jason/CarND/CarND-Behavioral-Cloning-P3/data/correcting/IMG/right_2017_09_24_15_43_45_646.jpg,-0.5500001,0,0,7.795297
/Users/Jason/CarND/CarND-Behavioral-Cloning-P3/data/correcting/IMG/center_2017_09_24_15_43_45_717.jpg,/Users/Jason/CarND/CarND-Behavioral-Cloning-P3/data/correcting/IMG/left_2017_09_24_15_43_45_717.jpg,/Users/Jason/CarND/CarND-Behavioral-Cloning-P3/data/correcting/IMG/right_2017_09_24_15_43_45_717.jpg,-0.7,0,0,7.700591
/Users/Jason/CarND/CarND-Behavioral-Cloning-P3/data/correcting/IMG/center_2017_09_24_15_43_45_790.jpg,/Users/Jason/CarND/CarND-Behavioral-Cloning-P3/data/correcting/IMG/left_2017_09_24_15_43_45_790.jpg,/Users/Jason/CarND/CarND-Behavioral-Cloning-P3/data/correcting/IMG/right_2017_09_24_15_43_45_790.jpg,-0.9000002,0,0,7.5588
/Users/Jason/CarND/CarND-Behavioral-Cloning-P3/data/correcting/IMG/center_2017_09_24_15_43_45_862.jpg,/Users/Jason/CarND/CarND-Behavioral-Cloning-P3/data/correcting/IMG/left_2017_09_24_15_43_45_862.jpg,/Users/Jason/CarND/CarND-Behavioral-Cloning-P3/data/correcting/IMG/right_2017_09_24_15_43_45_862.jpg,-0.899155,0,0,7.434594
/Users/Jason/CarND/CarND-Behavioral-Cloning-P3/data/correcting/IMG/center_2017_09_24_15_43_45_932.jpg,/Users/Jason/CarND/CarND-Behavioral-Cloning-P3/data/correcting/IMG/left_2017_09_24_15_43_45_932.jpg,/Users/Jason/CarND/CarND-Behavioral-Cloning-P3/data/correcting/IMG/right_2017_09_24_15_43_45_932.jpg,-0.7066361,0,0,7.404259
/Users/Jason/CarND/CarND-Behavioral-Cloning-P3/data/correcting/IMG/center_2017_09_24_15_43_46_005.jpg,/Users/Jason/CarND/CarND-Behavioral-Cloning-P3/data/correcting/IMG/left_2017_09_24_15_43_46_005.jpg,/Users/Jason/CarND/CarND-Behavioral-Cloning-P3/data/correcting/IMG/right_2017_09_24_15_43_46_005.jpg,-0.47017,0,0,7.367124
/Users/Jason/CarND/CarND-Behavioral-Cloning-P3/data/correcting/IMG/center_2017_09_24_15_43_46_073.jpg,/Users/Jason/CarND/CarND-Behavioral-Cloning-P3/data/correcting/IMG/left_2017_09_24_15_43_46_073.jpg,/Users/Jason/CarND/CarND-Behavioral-Cloning-P3/data/correcting/IMG/right_2017_09_24_15_43_46_073.jpg,-0.2875389,0,0,7.330425
/Users/Jason/CarND/CarND-Behavioral-Cloning-P3/data/correcting/IMG/center_2017_09_24_15_43_46_144.jpg,/Users/Jason/CarND/CarND-Behavioral-Cloning-P3/data/correcting/IMG/left_2017_09_24_15_43_46_144.jpg,/Users/Jason/CarND/CarND-Behavioral-Cloning-P3/data/correcting/IMG/right_2017_09_24_15_43_46_144.jpg,-0.3804791,0,0,7.270553
/Users/Jason/CarND/CarND-Behavioral-Cloning-P3/data/correcting/IMG/center_2017_09_24_15_43_46_216.jpg,/Users/Jason/CarND/CarND-Behavioral-Cloning-P3/data/correcting/IMG/left_2017_09_24_15_43_46_216.jpg,/Users/Jason/CarND/CarND-Behavioral-Cloning-P3/data/correcting/IMG/right_2017_09_24_15_43_46_216.jpg,-0.5304791,0,0,7.206591
/Users/Jason/CarND/CarND-Behavioral-Cloning-P3/data/correcting/IMG/center_2017_09_24_15_43_46_286.jpg,/Users/Jason/CarND/CarND-Behavioral-Cloning-P3/data/correcting/IMG/left_2017_09_24_15_43_46_286.jpg,/Users/Jason/CarND/CarND-Behavioral-Cloning-P3/data/correcting/IMG/right_2017_09_24_15_43_46_286.jpg,-0.7304792,0,0,7.096738
/Users/Jason/CarND/CarND-Behavioral-Cloning-P3/data/correcting/IMG/center_2017_09_24_15_43_46_358.jpg,/Users/Jason/CarND/CarND-Behavioral-Cloning-P3/data/correcting/IMG/left_2017_09_24_15_43_46_358.jpg,/Users/Jason/CarND/CarND-Behavioral-Cloning-P3/data/correcting/IMG/right_2017_09_24_15_43_46_358.jpg,-0.8804792,0,0,7.000321
/Users/Jason/CarND/CarND-Behavioral-Cloning-P3/data/correcting/IMG/center_2017_09_24_15_43_46_430.jpg,/Users/Jason/CarND/CarND-Behavioral-Cloning-P3/data/correcting/IMG/left_2017_09_24_15_43_46_430.jpg,/Users/Jason/CarND/CarND-Behavioral-Cloning-P3/data/correcting/IMG/right_2017_09_24_15_43_46_430.jpg,-0.882565,0,0,6.88874
/Users/Jason/CarND/CarND-Behavioral-Cloning-P3/data/correcting/IMG/center_2017_09_24_15_43_46_501.jpg,/Users/Jason/CarND/CarND-Behavioral-Cloning-P3/data/correcting/IMG/left_2017_09_24_15_43_46_501.jpg,/Users/Jason/CarND/CarND-Behavioral-Cloning-P3/data/correcting/IMG/right_2017_09_24_15_43_46_501.jpg,-0.646993,0,0,6.853233
/Users/Jason/CarND/CarND-Behavioral-Cloning-P3/data/correcting/IMG/center_2017_09_24_15_43_46_568.jpg,/Users/Jason/CarND/CarND-Behavioral-Cloning-P3/data/correcting/IMG/left_2017_09_24_15_43_46_568.jpg,/Users/Jason/CarND/CarND-Behavioral-Cloning-P3/data/correcting/IMG/right_2017_09_24_15_43_46_568.jpg,-0.462208,0,0,6.827413
/Users/Jason/CarND/CarND-Behavioral-Cloning-P3/data/correcting/IMG/center_2017_09_24_15_43_46_640.jpg,/Users/Jason/CarND/CarND-Behavioral-Cloning-P3/data/correcting/IMG/left_2017_09_24_15_43_46_640.jpg,/Users/Jason/CarND/CarND-Behavioral-Cloning-P3/data/correcting/IMG/right_2017_09_24_15_43_46_640.jpg,-0.271144,0.1555531,0,6.850554
/Users/Jason/CarND/CarND-Behavioral-Cloning-P3/data/correcting/IMG/center_2017_09_24_15_43_46_714.jpg,/Users/Jason/CarND/CarND-Behavioral-Cloning-P3/data/correcting/IMG/left_2017_09_24_15_43_46_714.jpg,/Users/Jason/CarND/CarND-Behavioral-Cloning-P3/data/correcting/IMG/right_2017_09_24_15_43_46_714.jpg,-0.0328151,0.393882,0,7.072
/Users/Jason/CarND/CarND-Behavioral-Cloning-P3/data/correcting/IMG/center_2017_09_24_15_43_46_782.jpg,/Users/Jason/CarND/CarND-Behavioral-Cloning-P3/data/correcting/IMG/left_2017_09_24_15_43_46_782.jpg,/Users/Jason/CarND/CarND-Behavioral-Cloning-P3/data/correcting/IMG/right_2017_09_24_15_43_46_782.jpg,0,0.6200191,0,7.516039
/Users/Jason/CarND/CarND-Behavioral-Cloning-P3/data/correcting/IMG/center_2017_09_24_15_43_46_850.jpg,/Users/Jason/CarND/CarND-Behavioral-Cloning-P3/data/correcting/IMG/left_2017_09_24_15_43_46_850.jpg,/Users/Jason/CarND/CarND-Behavioral-Cloning-P3/data/correcting/IMG/right_2017_09_24_15_43_46_850.jpg,0,0.8021101,0,7.99665
/Users/Jason/CarND/CarND-Behavioral-Cloning-P3/data/correcting/IMG/center_2017_09_24_15_43_46_918.jpg,/Users/Jason/CarND/CarND-Behavioral-Cloning-P3/data/correcting/IMG/left_2017_09_24_15_43_46_918.jpg,/Users/Jason/CarND/CarND-Behavioral-Cloning-P3/data/correcting/IMG/right_2017_09_24_15_43_46_918.jpg,0,0.9879481,0,8.607331
/Users/Jason/CarND/CarND-Behavioral-Cloning-P3/data/correcting/IMG/center_2017_09_24_15_43_46_988.jpg,/Users/Jason/CarND/CarND-Behavioral-Cloning-P3/data/correcting/IMG/left_2017_09_24_15_43_46_988.jpg,/Users/Jason/CarND/CarND-Behavioral-Cloning-P3/data/correcting/IMG/right_2017_09_24_15_43_46_988.jpg,0,1,0,9.503556
/Users/Jason/CarND/CarND-Behavioral-Cloning-P3/data/correcting/IMG/center_2017_09_24_15_43_47_060.jpg,/Users/Jason/CarND/CarND-Behavioral-Cloning-P3/data/correcting/IMG/left_2017_09_24_15_43_47_060.jpg,/Users/Jason/CarND/CarND-Behavioral-Cloning-P3/data/correcting/IMG/right_2017_09_24_15_43_47_060.jpg,0,1,0,10.17182
/Users/Jason/CarND/CarND-Behavioral-Cloning-P3/data/correcting/IMG/center_2017_09_24_15_43_47_134.jpg,/Users/Jason/CarND/CarND-Behavioral-Cloning-P3/data/correcting/IMG/left_2017_09_24_15_43_47_134.jpg,/Users/Jason/CarND/CarND-Behavioral-Cloning-P3/data/correcting/IMG/right_2017_09_24_15_43_47_134.jpg,0,1,0,11.05668
/Users/Jason/CarND/CarND-Behavioral-Cloning-P3/data/correcting/IMG/center_2017_09_24_15_43_47_201.jpg,/Users/Jason/CarND/CarND-Behavioral-Cloning-P3/data/correcting/IMG/left_2017_09_24_15_43_47_201.jpg,/Users/Jason/CarND/CarND-Behavioral-Cloning-P3/data/correcting/IMG/right_2017_09_24_15_43_47_201.jpg,0,1,0,11.55068
/Users/Jason/CarND/CarND-Behavioral-Cloning-P3/data/correcting/IMG/center_2017_09_24_15_43_47_274.jpg,/Users/Jason/CarND/CarND-Behavioral-Cloning-P3/data/correcting/IMG/left_2017_09_24_15_43_47_274.jpg,/Users/Jason/CarND/CarND-Behavioral-Cloning-P3/data/correcting/IMG/right_2017_09_24_15_43_47_274.jpg,0,1,0,12.56855
/Users/Jason/CarND/CarND-Behavioral-Cloning-P3/data/correcting/IMG/center_2017_09_24_15_43_47_342.jpg,/Users/Jason/CarND/CarND-Behavioral-Cloning-P3/data/correcting/IMG/left_2017_09_24_15_43_47_342.jpg,/Users/Jason/CarND/CarND-Behavioral-Cloning-P3/data/correcting/IMG/right_2017_09_24_15_43_47_342.jpg,0,1,0,13.39882
/Users/Jason/CarND/CarND-Behavioral-Cloning-P3/data/correcting/IMG/center_2017_09_24_15_43_47_410.jpg,/Users/Jason/CarND/CarND-Behavioral-Cloning-P3/data/correcting/IMG/left_2017_09_24_15_43_47_410.jpg,/Users/Jason/CarND/CarND-Behavioral-Cloning-P3/data/correcting/IMG/right_2017_09_24_15_43_47_410.jpg,0,1,0,14.23222
/Users/Jason/CarND/CarND-Behavioral-Cloning-P3/data/correcting/IMG/center_2017_09_24_15_43_47_477.jpg,/Users/Jason/CarND/CarND-Behavioral-Cloning-P3/data/correcting/IMG/left_2017_09_24_15_43_47_477.jpg,/Users/Jason/CarND/CarND-Behavioral-Cloning-P3/data/correcting/IMG/right_2017_09_24_15_43_47_477.jpg,0,1,0,14.62407
/Users/Jason/CarND/CarND-Behavioral-Cloning-P3/data/correcting/IMG/center_2017_09_24_15_43_47_548.jpg,/Users/Jason/CarND/CarND-Behavioral-Cloning-P3/data/correcting/IMG/left_2017_09_24_15_43_47_548.jpg,/Users/Jason/CarND/CarND-Behavioral-Cloning-P3/data/correcting/IMG/right_2017_09_24_15_43_47_548.jpg,0.2,1,0,15.45267
/Users/Jason/CarND/CarND-Behavioral-Cloning-P3/data/correcting/IMG/center_2017_09_24_15_43_47_616.jpg,/Users/Jason/CarND/CarND-Behavioral-Cloning-P3/data/correcting/IMG/left_2017_09_24_15_43_47_616.jpg,/Users/Jason/CarND/CarND-Behavioral-Cloning-P3/data/correcting/IMG/right_2017_09_24_15_43_47_616.jpg,0.2960969,1,0,16.28503
/Users/Jason/CarND/CarND-Behavioral-Cloning-P3/data/correcting/IMG/center_2017_09_24_15_43_47_689.jpg,/Users/Jason/CarND/CarND-Behavioral-Cloning-P3/data/correcting/IMG/left_2017_09_24_15_43_47_689.jpg,/Users/Jason/CarND/CarND-Behavioral-Cloning-P3/data/correcting/IMG/right_2017_09_24_15_43_47_689.jpg,0.05668491,1,0,17.11149
/Users/Jason/CarND/CarND-Behavioral-Cloning-P3/data/correcting/IMG/center_2017_09_24_15_43_47_761.jpg,/Users/Jason/CarND/CarND-Behavioral-Cloning-P3/data/correcting/IMG/left_2017_09_24_15_43_47_761.jpg,/Users/Jason/CarND/CarND-Behavioral-Cloning-P3/data/correcting/IMG/right_2017_09_24_15_43_47_761.jpg,0,1,0,17.92515
/Users/Jason/CarND/CarND-Behavioral-Cloning-P3/data/correcting/IMG/center_2017_09_24_15_43_47_832.jpg,/Users/Jason/CarND/CarND-Behavioral-Cloning-P3/data/correcting/IMG/left_2017_09_24_15_43_47_832.jpg,/Users/Jason/CarND/CarND-Behavioral-Cloning-P3/data/correcting/IMG/right_2017_09_24_15_43_47_832.jpg,0,1,0,18.36359
/Users/Jason/CarND/CarND-Behavioral-Cloning-P3/data/correcting/IMG/center_2017_09_24_15_43_47_903.jpg,/Users/Jason/CarND/CarND-Behavioral-Cloning-P3/data/correcting/IMG/left_2017_09_24_15_43_47_903.jpg,/Users/Jason/CarND/CarND-Behavioral-Cloning-P3/data/correcting/IMG/right_2017_09_24_15_43_47_903.jpg,0,1,0,19.2004
/Users/Jason/CarND/CarND-Behavioral-Cloning-P3/data/correcting/IMG/center_2017_09_24_15_43_47_970.jpg,/Users/Jason/CarND/CarND-Behavioral-Cloning-P3/data/correcting/IMG/left_2017_09_24_15_43_47_970.jpg,/Users/Jason/CarND/CarND-Behavioral-Cloning-P3/data/correcting/IMG/right_2017_09_24_15_43_47_970.jpg,0,1,0,19.94005
/Users/Jason/CarND/CarND-Behavioral-Cloning-P3/data/correcting/IMG/center_2017_09_24_15_43_48_041.jpg,/Users/Jason/CarND/CarND-Behavioral-Cloning-P3/data/correcting/IMG/left_2017_09_24_15_43_48_041.jpg,/Users/Jason/CarND/CarND-Behavioral-Cloning-P3/data/correcting/IMG/right_2017_09_24_15_43_48_041.jpg,0,1,0,20.44033
/Users/Jason/CarND/CarND-Behavioral-Cloning-P3/data/correcting/IMG/center_2017_09_24_15_43_48_108.jpg,/Users/Jason/CarND/CarND-Behavioral-Cloning-P3/data/correcting/IMG/left_2017_09_24_15_43_48_108.jpg,/Users/Jason/CarND/CarND-Behavioral-Cloning-P3/data/correcting/IMG/right_2017_09_24_15_43_48_108.jpg,0,1,0,21.25792
/Users/Jason/CarND/CarND-Behavioral-Cloning-P3/data/correcting/IMG/center_2017_09_24_15_43_48_175.jpg,/Users/Jason/CarND/CarND-Behavioral-Cloning-P3/data/correcting/IMG/left_2017_09_24_15_43_48_175.jpg,/Users/Jason/CarND/CarND-Behavioral-Cloning-P3/data/correcting/IMG/right_2017_09_24_15_43_48_175.jpg,0,1,0,21.91461
/Users/Jason/CarND/CarND-Behavioral-Cloning-P3/data/correcting/IMG/center_2017_09_24_15_43_48_248.jpg,/Users/Jason/CarND/CarND-Behavioral-Cloning-P3/data/correcting/IMG/left_2017_09_24_15_43_48_248.jpg,/Users/Jason/CarND/CarND-Behavioral-Cloning-P3/data/correcting/IMG/right_2017_09_24_15_43_48_248.jpg,0,1,0,22.69455
/Users/Jason/CarND/CarND-Behavioral-Cloning-P3/data/correcting/IMG/center_2017_09_24_15_43_48_315.jpg,/Users/Jason/CarND/CarND-Behavioral-Cloning-P3/data/correcting/IMG/left_2017_09_24_15_43_48_315.jpg,/Users/Jason/CarND/CarND-Behavioral-Cloning-P3/data/correcting/IMG/right_2017_09_24_15_43_48_315.jpg,0,1,0,23.26331
/Users/Jason/CarND/CarND-Behavioral-Cloning-P3/data/correcting/IMG/center_2017_09_24_15_43_48_384.jpg,/Users/Jason/CarND/CarND-Behavioral-Cloning-P3/data/correcting/IMG/left_2017_09_24_15_43_48_384.jpg,/Users/Jason/CarND/CarND-Behavioral-Cloning-P3/data/correcting/IMG/right_2017_09_24_15_43_48_384.jpg,0.15,1,0,24.0386
/Users/Jason/CarND/CarND-Behavioral-Cloning-P3/data/correcting/IMG/center_2017_09_24_15_43_48_457.jpg,/Users/Jason/CarND/CarND-Behavioral-Cloning-P3/data/correcting/IMG/left_2017_09_24_15_43_48_457.jpg,/Users/Jason/CarND/CarND-Behavioral-Cloning-P3/data/correcting/IMG/right_2017_09_24_15_43_48_457.jpg,0.2842079,1,0,24.58328
/Users/Jason/CarND/CarND-Behavioral-Cloning-P3/data/correcting/IMG/center_2017_09_24_15_43_48_528.jpg,/Users/Jason/CarND/CarND-Behavioral-Cloning-P3/data/correcting/IMG/left_2017_09_24_15_43_48_528.jpg,/Users/Jason/CarND/CarND-Behavioral-Cloning-P3/data/correcting/IMG/right_2017_09_24_15_43_48_528.jpg,0.050511,1,0,25.34257
/Users/Jason/CarND/CarND-Behavioral-Cloning-P3/data/correcting/IMG/center_2017_09_24_15_43_48_601.jpg,/Users/Jason/CarND/CarND-Behavioral-Cloning-P3/data/correcting/IMG/left_2017_09_24_15_43_48_601.jpg,/Users/Jason/CarND/CarND-Behavioral-Cloning-P3/data/correcting/IMG/right_2017_09_24_15_43_48_601.jpg,0,1,0,25.91072
/Users/Jason/CarND/CarND-Behavioral-Cloning-P3/data/correcting/IMG/center_2017_09_24_15_43_48_671.jpg,/Users/Jason/CarND/CarND-Behavioral-Cloning-P3/data/correcting/IMG/left_2017_09_24_15_43_48_671.jpg,/Users/Jason/CarND/CarND-Behavioral-Cloning-P3/data/correcting/IMG/right_2017_09_24_15_43_48_671.jpg,0,1,0,26.66706
/Users/Jason/CarND/CarND-Behavioral-Cloning-P3/data/correcting/IMG/center_2017_09_24_15_43_48_742.jpg,/Users/Jason/CarND/CarND-Behavioral-Cloning-P3/data/correcting/IMG/left_2017_09_24_15_43_48_742.jpg,/Users/Jason/CarND/CarND-Behavioral-Cloning-P3/data/correcting/IMG/right_2017_09_24_15_43_48_742.jpg,0,1,0,27.41846
/Users/Jason/CarND/CarND-Behavioral-Cloning-P3/data/correcting/IMG/center_2017_09_24_15_43_48_809.jpg,/Users/Jason/CarND/CarND-Behavioral-Cloning-P3/data/correcting/IMG/left_2017_09_24_15_43_48_809.jpg,/Users/Jason/CarND/CarND-Behavioral-Cloning-P3/data/correcting/IMG/right_2017_09_24_15_43_48_809.jpg,0,1,0,27.97818
/Users/Jason/CarND/CarND-Behavioral-Cloning-P3/data/correcting/IMG/center_2017_09_24_15_43_48_880.jpg,/Users/Jason/CarND/CarND-Behavioral-Cloning-P3/data/correcting/IMG/left_2017_09_24_15_43_48_880.jpg,/Users/Jason/CarND/CarND-Behavioral-Cloning-P3/data/correcting/IMG/right_2017_09_24_15_43_48_880.jpg,0,1,0,28.53457
/Users/Jason/CarND/CarND-Behavioral-Cloning-P3/data/correcting/IMG/center_2017_09_24_15_43_48_954.jpg,/Users/Jason/CarND/CarND-Behavioral-Cloning-P3/data/correcting/IMG/left_2017_09_24_15_43_48_954.jpg,/Users/Jason/CarND/CarND-Behavioral-Cloning-P3/data/correcting/IMG/right_2017_09_24_15_43_48_954.jpg,0,1,0,29.27118
/Users/Jason/CarND/CarND-Behavioral-Cloning-P3/data/correcting/IMG/center_2017_09_24_15_43_49_024.jpg,/Users/Jason/CarND/CarND-Behavioral-Cloning-P3/data/correcting/IMG/left_2017_09_24_15_43_49_024.jpg,/Users/Jason/CarND/CarND-Behavioral-Cloning-P3/data/correcting/IMG/right_2017_09_24_15_43_49_024.jpg,-0.2,1,0,29.98253
/Users/Jason/CarND/CarND-Behavioral-Cloning-P3/data/correcting/IMG/center_2017_09_24_15_43_49_094.jpg,/Users/Jason/CarND/CarND-Behavioral-Cloning-P3/data/correcting/IMG/left_2017_09_24_15_43_49_094.jpg,/Users/Jason/CarND/CarND-Behavioral-Cloning-P3/data/correcting/IMG/right_2017_09_24_15_43_49_094.jpg,-0.07015193,1,0,30.18983
/Users/Jason/CarND/CarND-Behavioral-Cloning-P3/data/correcting/IMG/center_2017_09_24_15_43_49_164.jpg,/Users/Jason/CarND/CarND-Behavioral-Cloning-P3/data/correcting/IMG/left_2017_09_24_15_43_49_164.jpg,/Users/Jason/CarND/CarND-Behavioral-Cloning-P3/data/correcting/IMG/right_2017_09_24_15_43_49_164.jpg,0,1,0,30.18966
/Users/Jason/CarND/CarND-Behavioral-Cloning-P3/data/correcting/IMG/center_2017_09_24_15_43_49_236.jpg,/Users/Jason/CarND/CarND-Behavioral-Cloning-P3/data/correcting/IMG/left_2017_09_24_15_43_49_236.jpg,/Users/Jason/CarND/CarND-Behavioral-Cloning-P3/data/correcting/IMG/right_2017_09_24_15_43_49_236.jpg,0,1,0,30.18989
/Users/Jason/CarND/CarND-Behavioral-Cloning-P3/data/correcting/IMG/center_2017_09_24_15_43_49_306.jpg,/Users/Jason/CarND/CarND-Behavioral-Cloning-P3/data/correcting/IMG/left_2017_09_24_15_43_49_306.jpg,/Users/Jason/CarND/CarND-Behavioral-Cloning-P3/data/correcting/IMG/right_2017_09_24_15_43_49_306.jpg,0,1,0,30.19
/Users/Jason/CarND/CarND-Behavioral-Cloning-P3/data/correcting/IMG/center_2017_09_24_15_43_49_379.jpg,/Users/Jason/CarND/CarND-Behavioral-Cloning-P3/data/correcting/IMG/left_2017_09_24_15_43_49_379.jpg,/Users/Jason/CarND/CarND-Behavioral-Cloning-P3/data/correcting/IMG/right_2017_09_24_15_43_49_379.jpg,0,1,0,30.19003
/Users/Jason/CarND/CarND-Behavioral-Cloning-P3/data/correcting/IMG/center_2017_09_24_15_43_49_451.jpg,/Users/Jason/CarND/CarND-Behavioral-Cloning-P3/data/correcting/IMG/left_2017_09_24_15_43_49_451.jpg,/Users/Jason/CarND/CarND-Behavioral-Cloning-P3/data/correcting/IMG/right_2017_09_24_15_43_49_451.jpg,0.2,1,0,30.17893
/Users/Jason/CarND/CarND-Behavioral-Cloning-P3/data/correcting/IMG/center_2017_09_24_15_43_49_520.jpg,/Users/Jason/CarND/CarND-Behavioral-Cloning-P3/data/correcting/IMG/left_2017_09_24_15_43_49_520.jpg,/Users/Jason/CarND/CarND-Behavioral-Cloning-P3/data/correcting/IMG/right_2017_09_24_15_43_49_520.jpg,0.15051,1,0,30.18747
/Users/Jason/CarND/CarND-Behavioral-Cloning-P3/data/correcting/IMG/center_2017_09_24_15_43_49_588.jpg,/Users/Jason/CarND/CarND-Behavioral-Cloning-P3/data/correcting/IMG/left_2017_09_24_15_43_49_588.jpg,/Users/Jason/CarND/CarND-Behavioral-Cloning-P3/data/correcting/IMG/right_2017_09_24_15_43_49_588.jpg,0,1,0,30.18926
/Users/Jason/CarND/CarND-Behavioral-Cloning-P3/data/correcting/IMG/center_2017_09_24_15_43_49_660.jpg,/Users/Jason/CarND/CarND-Behavioral-Cloning-P3/data/correcting/IMG/left_2017_09_24_15_43_49_660.jpg,/Users/Jason/CarND/CarND-Behavioral-Cloning-P3/data/correcting/IMG/right_2017_09_24_15_43_49_660.jpg,0,1,0,30.18977
/Users/Jason/CarND/CarND-Behavioral-Cloning-P3/data/correcting/IMG/center_2017_09_24_15_43_49_734.jpg,/Users/Jason/CarND/CarND-Behavioral-Cloning-P3/data/correcting/IMG/left_2017_09_24_15_43_49_734.jpg,/Users/Jason/CarND/CarND-Behavioral-Cloning-P3/data/correcting/IMG/right_2017_09_24_15_43_49_734.jpg,0,1,0,30.18993
/Users/Jason/CarND/CarND-Behavioral-Cloning-P3/data/correcting/IMG/center_2017_09_24_15_43_49_808.jpg,/Users/Jason/CarND/CarND-Behavioral-Cloning-P3/data/correcting/IMG/left_2017_09_24_15_43_49_808.jpg,/Users/Jason/CarND/CarND-Behavioral-Cloning-P3/data/correcting/IMG/right_2017_09_24_15_43_49_808.jpg,0,1,0,30.18998
/Users/Jason/CarND/CarND-Behavioral-Cloning-P3/data/correcting/IMG/center_2017_09_24_15_43_49_878.jpg,/Users/Jason/CarND/CarND-Behavioral-Cloning-P3/data/correcting/IMG/left_2017_09_24_15_43_49_878.jpg,/Users/Jason/CarND/CarND-Behavioral-Cloning-P3/data/correcting/IMG/right_2017_09_24_15_43_49_878.jpg,0,1,0,30.18996
/Users/Jason/CarND/CarND-Behavioral-Cloning-P3/data/correcting/IMG/center_2017_09_24_15_43_49_950.jpg,/Users/Jason/CarND/CarND-Behavioral-Cloning-P3/data/correcting/IMG/left_2017_09_24_15_43_49_950.jpg,/Users/Jason/CarND/CarND-Behavioral-Cloning-P3/data/correcting/IMG/right_2017_09_24_15_43_49_950.jpg,0,1,0,30.18998
/Users/Jason/CarND/CarND-Behavioral-Cloning-P3/data/correcting/IMG/center_2017_09_24_15_43_50_024.jpg,/Users/Jason/CarND/CarND-Behavioral-Cloning-P3/data/correcting/IMG/left_2017_09_24_15_43_50_024.jpg,/Users/Jason/CarND/CarND-Behavioral-Cloning-P3/data/correcting/IMG/right_2017_09_24_15_43_50_024.jpg,0,0.92338,0,30.18149
/Users/Jason/CarND/CarND-Behavioral-Cloning-P3/data/correcting/IMG/center_2017_09_24_15_43_50_095.jpg,/Users/Jason/CarND/CarND-Behavioral-Cloning-P3/data/correcting/IMG/left_2017_09_24_15_43_50_095.jpg,/Users/Jason/CarND/CarND-Behavioral-Cloning-P3/data/correcting/IMG/right_2017_09_24_15_43_50_095.jpg,0,0.7313889,0,30.13841
/Users/Jason/CarND/CarND-Behavioral-Cloning-P3/data/correcting/IMG/center_2017_09_24_15_43_50_165.jpg,/Users/Jason/CarND/CarND-Behavioral-Cloning-P3/data/correcting/IMG/left_2017_09_24_15_43_50_165.jpg,/Users/Jason/CarND/CarND-Behavioral-Cloning-P3/data/correcting/IMG/right_2017_09_24_15_43_50_165.jpg,0,0.498931,0,30.0714
/Users/Jason/CarND/CarND-Behavioral-Cloning-P3/data/correcting/IMG/center_2017_09_24_15_43_50_278.jpg,/Users/Jason/CarND/CarND-Behavioral-Cloning-P3/data/correcting/IMG/left_2017_09_24_15_43_50_278.jpg,/Users/Jason/CarND/CarND-Behavioral-Cloning-P3/data/correcting/IMG/right_2017_09_24_15_43_50_278.jpg,0,0.2517399,0,29.87413
